image_dir,conv_a,conv_b,conv_c,conv_d,conv_e,conv_f,conv_g,conv_h,is_fridge_corner
./corner_detector_dataset/images/josea_1664304312_2127.jpg,-1937.0,-2161.0,-2163.0,-2313.0,189.0,-189.0,187.0,-187.0,0.0
./corner_detector_dataset/images/josea_1664304320_7041972.jpg,-2068.0,-2310.0,-2322.0,-2520.0,232.0,-232.0,220.0,-220.0,0.0
./corner_detector_dataset/images/josea_1664304320_7748442.jpg,-2223.0,-2505.0,-2513.0,-2749.0,267.0,-267.0,259.0,-259.0,0.0
./corner_detector_dataset/images/josea_1664304323_4979618.jpg,-2431.0,-2715.0,-2695.0,-2993.0,271.0,-271.0,291.0,-291.0,0.0
./corner_detector_dataset/images/josea_1664304323_8707979.jpg,-2655.0,-2919.0,-2897.0,-3163.0,243.0,-243.0,265.0,-265.0,0.0
./corner_detector_dataset/images/josea_1664304324_1118934.jpg,-2831.0,-3107.0,-3075.0,-3333.0,235.0,-235.0,267.0,-267.0,0.0
./corner_detector_dataset/images/josea_1664304324_3222628.jpg,-3014.0,-3326.0,-3216.0,-3552.0,214.0,-214.0,324.0,-324.0,0.0
./corner_detector_dataset/images/josea_1664304324_530459.jpg,-3191.0,-3571.0,-3445.0,-3759.0,221.0,-221.0,347.0,-347.0,0.0
./corner_detector_dataset/images/josea_1664304324_734602.jpg,-3377.0,-3699.0,-3693.0,-3945.0,281.0,-281.0,287.0,-287.0,0.0
./corner_detector_dataset/images/josea_1664304324_9369218.jpg,-3526.0,-3876.0,-3838.0,-4168.0,302.0,-302.0,340.0,-340.0,0.0
./corner_detector_dataset/images/josea_1664304325_1599014.jpg,-3728.0,-4148.0,-4010.0,-4446.0,290.0,-290.0,428.0,-428.0,0.0
./corner_detector_dataset/images/josea_1664304325_3503723.jpg,-3787.0,-4733.0,-4493.0,-4989.0,481.0,-481.0,721.0,-721.0,0.0
./corner_detector_dataset/images/josea_1664304325_593248.jpg,-3898.0,-5166.0,-5542.0,-5938.0,1208.0,-1208.0,832.0,-832.0,0.0
./corner_detector_dataset/images/josea_1664304326_8108964.jpg,-4603.0,-4943.0,-6001.0,-6451.0,1453.0,-1453.0,395.0,-395.0,0.0
./corner_detector_dataset/images/josea_1664304326_9867.jpg,-4681.0,-5031.0,-6121.0,-6345.0,1377.0,-1377.0,287.0,-287.0,0.0
./corner_detector_dataset/images/josea_1664304327_1612542.jpg,-4829.0,-5185.0,-6011.0,-6529.0,1263.0,-1263.0,437.0,-437.0,0.0
./corner_detector_dataset/images/josea_1664304327_334536.jpg,-5152.0,-5516.0,-6014.0,-6570.0,958.0,-958.0,460.0,-460.0,0.0
./corner_detector_dataset/images/josea_1664304327_4977129.jpg,-5402.0,-5624.0,-6068.0,-6426.0,734.0,-734.0,290.0,-290.0,0.0
./corner_detector_dataset/images/josea_1664304327_682308.jpg,-5477.0,-5749.0,-5971.0,-6349.0,547.0,-547.0,325.0,-325.0,0.0
./corner_detector_dataset/images/josea_1664304327_8432615.jpg,-5642.0,-5734.0,-5858.0,-6170.0,326.0,-326.0,202.0,-202.0,0.0
./corner_detector_dataset/images/josea_1664304328_0164096.jpg,-5338.0,-5518.0,-5914.0,-5714.0,386.0,-386.0,-10.0,10.0,0.0
./corner_detector_dataset/images/josea_1664304328_1840336.jpg,-5139.0,-5059.0,-5437.0,-5643.0,441.0,-441.0,63.0,-63.0,0.0
./corner_detector_dataset/images/josea_1664304328_342482.jpg,-5085.0,-4689.0,-5045.0,-4939.0,105.0,-105.0,-251.0,251.0,0.0
./corner_detector_dataset/images/josea_1664304328_509402.jpg,-4905.0,-3801.0,-4155.0,-3701.0,-425.0,425.0,-779.0,779.0,0.0
./corner_detector_dataset/images/josea_1664304328_6832464.jpg,-3841.0,-3121.0,-3131.0,-2373.0,-729.0,729.0,-739.0,739.0,0.0
./corner_detector_dataset/images/josea_1664304328_855909.jpg,-2905.0,-2747.0,-2303.0,-2103.0,-623.0,623.0,-179.0,179.0,0.0
./corner_detector_dataset/images/josea_1664304329_0342236.jpg,-2705.0,-2659.0,-1991.0,-2103.0,-635.0,635.0,33.0,-33.0,0.0
./corner_detector_dataset/images/josea_1664304329_2087417.jpg,-3069.0,-3467.0,-1605.0,-2753.0,-1089.0,1089.0,773.0,-773.0,0.0
./corner_detector_dataset/images/josea_1664304329_3667507.jpg,-3533.0,-4793.0,-2665.0,-3399.0,-1131.0,1131.0,997.0,-997.0,0.0
./corner_detector_dataset/images/josea_1664304329_5470204.jpg,-4259.0,-4379.0,-3667.0,-3645.0,-663.0,663.0,49.0,-49.0,0.0
./corner_detector_dataset/images/josea_1664304329_7444017.jpg,-3725.0,-4619.0,-3883.0,-4079.0,-191.0,191.0,545.0,-545.0,0.0
./corner_detector_dataset/images/josea_1664304329_9213772.jpg,-4084.0,-4558.0,-4320.0,-4718.0,198.0,-198.0,436.0,-436.0,0.0
./corner_detector_dataset/images/josea_1664304330_1087987.jpg,-4293.0,-4405.0,-4565.0,-4631.0,249.0,-249.0,89.0,-89.0,0.0
./corner_detector_dataset/images/josea_1664304330_5308979.jpg,-4182.0,-4132.0,-4400.0,-4378.0,232.0,-232.0,-36.0,36.0,0.0
./corner_detector_dataset/images/josea_1664304330_7227268.jpg,-2089.0,-2289.0,-2121.0,-2331.0,37.0,-37.0,205.0,-205.0,0.0
./corner_detector_dataset/images/josea_1664304330_8927388.jpg,-2247.0,-2475.0,-2281.0,-2507.0,33.0,-33.0,227.0,-227.0,0.0
./corner_detector_dataset/images/josea_1664304331_2583494.jpg,-2416.0,-2698.0,-2464.0,-2726.0,38.0,-38.0,272.0,-272.0,0.0
./corner_detector_dataset/images/josea_1664304331_4444563.jpg,-2589.0,-2913.0,-2697.0,-2959.0,77.0,-77.0,293.0,-293.0,0.0
./corner_detector_dataset/images/josea_1664304331_6173291.jpg,-2783.0,-3057.0,-2929.0,-3165.0,127.0,-127.0,255.0,-255.0,0.0
./corner_detector_dataset/images/josea_1664304331_7866805.jpg,-2949.0,-3221.0,-3083.0,-3357.0,135.0,-135.0,273.0,-273.0,0.0
./corner_detector_dataset/images/josea_1664304331_955304.jpg,-3101.0,-3407.0,-3261.0,-3545.0,149.0,-149.0,295.0,-295.0,0.0
./corner_detector_dataset/images/josea_1664304332_1600087.jpg,-3280.0,-3628.0,-3432.0,-3784.0,154.0,-154.0,350.0,-350.0,0.0
./corner_detector_dataset/images/josea_1664304332_4224277.jpg,-3480.0,-3840.0,-3662.0,-3978.0,160.0,-160.0,338.0,-338.0,0.0
./corner_detector_dataset/images/josea_1664304332_6300218.jpg,-3661.0,-4007.0,-3859.0,-4171.0,181.0,-181.0,329.0,-329.0,0.0
./corner_detector_dataset/images/josea_1664304332_8594754.jpg,-3846.0,-4236.0,-4024.0,-4418.0,180.0,-180.0,392.0,-392.0,0.0
./corner_detector_dataset/images/josea_1664304333_1914878.jpg,-3637.0,-5515.0,-4679.0,-5675.0,601.0,-601.0,1437.0,-1437.0,0.0
./corner_detector_dataset/images/josea_1664304333_9483457.jpg,-4496.0,-6858.0,-6672.0,-8038.0,1678.0,-1678.0,1864.0,-1864.0,1.0
./corner_detector_dataset/images/josea_1664304335_0724537.jpg,-5754.0,-6660.0,-8308.0,-8646.0,2270.0,-2270.0,622.0,-622.0,0.0
./corner_detector_dataset/images/josea_1664304335_9827068.jpg,-6029.0,-6403.0,-8465.0,-8809.0,2421.0,-2421.0,359.0,-359.0,0.0
./corner_detector_dataset/images/josea_1664304336_1475317.jpg,-5974.0,-6512.0,-8404.0,-8750.0,2334.0,-2334.0,442.0,-442.0,0.0
./corner_detector_dataset/images/josea_1664304336_2952688.jpg,-5960.0,-6542.0,-8482.0,-8824.0,2402.0,-2402.0,462.0,-462.0,0.0
./corner_detector_dataset/images/josea_1664304336_4615378.jpg,-6048.0,-6320.0,-8496.0,-8696.0,2412.0,-2412.0,236.0,-236.0,0.0
./corner_detector_dataset/images/josea_1664304336_6034358.jpg,-5657.0,-6527.0,-8539.0,-8815.0,2585.0,-2585.0,573.0,-573.0,0.0
./corner_detector_dataset/images/josea_1664304336_7666767.jpg,-5829.0,-6069.0,-8685.0,-8779.0,2783.0,-2783.0,167.0,-167.0,0.0
./corner_detector_dataset/images/josea_1664304337_1679857.jpg,-5851.0,-5587.0,-8149.0,-8247.0,2479.0,-2479.0,-83.0,83.0,0.0
./corner_detector_dataset/images/josea_1664304338_0416079.jpg,-6496.0,-4138.0,-6286.0,-6052.0,852.0,-852.0,-1296.0,1296.0,1.0
./corner_detector_dataset/images/josea_1664304338_5451527.jpg,-5058.0,-4360.0,-4530.0,-4128.0,-380.0,380.0,-550.0,550.0,0.0
./corner_detector_dataset/images/josea_1664304339_043326.jpg,-4158.0,-3228.0,-3766.0,-2724.0,-448.0,448.0,-986.0,986.0,0.0
./corner_detector_dataset/images/josea_1664304339_2348.jpg,-2815.0,-2407.0,-2719.0,-2077.0,-213.0,213.0,-525.0,525.0,0.0
./corner_detector_dataset/images/josea_1664304339_3843575.jpg,-2262.0,-1996.0,-2058.0,-1920.0,-140.0,140.0,-202.0,202.0,0.0
./corner_detector_dataset/images/josea_1664304339_5465739.jpg,-2205.0,-1755.0,-1589.0,-1521.0,-425.0,425.0,-259.0,259.0,0.0
./corner_detector_dataset/images/josea_1664304339_696636.jpg,-1995.0,-2041.0,-1211.0,-1447.0,-689.0,689.0,141.0,-141.0,0.0
./corner_detector_dataset/images/josea_1664304339_8614442.jpg,-2125.0,-3489.0,-1453.0,-2735.0,-713.0,713.0,1323.0,-1323.0,0.0
./corner_detector_dataset/images/josea_1664304340_0365138.jpg,-3428.0,-3448.0,-2812.0,-2888.0,-588.0,588.0,48.0,-48.0,0.0
./corner_detector_dataset/images/josea_1664304340_2090678.jpg,-2896.0,-4642.0,-3116.0,-4042.0,-190.0,190.0,1336.0,-1336.0,0.0
./corner_detector_dataset/images/josea_1664304340_3927763.jpg,-4045.0,-4599.0,-4357.0,-4805.0,259.0,-259.0,501.0,-501.0,0.0
./corner_detector_dataset/images/josea_1664304340_5728784.jpg,-4382.0,-4402.0,-4594.0,-4690.0,250.0,-250.0,58.0,-58.0,0.0
./corner_detector_dataset/images/josea_1664304340_7509236.jpg,-4220.0,-4176.0,-4400.0,-4360.0,182.0,-182.0,-42.0,42.0,0.0
./corner_detector_dataset/images/josea_1664304340_8898785.jpg,-2057.0,-2287.0,-2119.0,-2311.0,43.0,-43.0,211.0,-211.0,0.0
./corner_detector_dataset/images/josea_1664304341_0755064.jpg,-2215.0,-2441.0,-2305.0,-2517.0,83.0,-83.0,219.0,-219.0,0.0
./corner_detector_dataset/images/josea_1664304341_259649.jpg,-2371.0,-2653.0,-2481.0,-2745.0,101.0,-101.0,273.0,-273.0,0.0
./corner_detector_dataset/images/josea_1664304341_4287503.jpg,-2572.0,-2892.0,-2686.0,-2990.0,106.0,-106.0,312.0,-312.0,0.0
./corner_detector_dataset/images/josea_1664304341_605355.jpg,-2799.0,-3085.0,-2935.0,-3195.0,123.0,-123.0,273.0,-273.0,0.0
./corner_detector_dataset/images/josea_1664304341_7687213.jpg,-2960.0,-3246.0,-3124.0,-3378.0,148.0,-148.0,270.0,-270.0,0.0
./corner_detector_dataset/images/josea_1664304342_0228148.jpg,-3130.0,-3416.0,-3276.0,-3558.0,144.0,-144.0,284.0,-284.0,0.0
./corner_detector_dataset/images/josea_1664304342_220034.jpg,-3314.0,-3610.0,-3432.0,-3752.0,130.0,-130.0,308.0,-308.0,0.0
./corner_detector_dataset/images/josea_1664304342_3859777.jpg,-3505.0,-3817.0,-3585.0,-3919.0,91.0,-91.0,323.0,-323.0,0.0
./corner_detector_dataset/images/josea_1664304342_5725994.jpg,-3680.0,-4002.0,-3762.0,-4084.0,82.0,-82.0,322.0,-322.0,0.0
./corner_detector_dataset/images/josea_1664304342_7177625.jpg,-3896.0,-4166.0,-3876.0,-4234.0,24.0,-24.0,314.0,-314.0,0.0
./corner_detector_dataset/images/josea_1664304342_8825822.jpg,-3920.0,-5930.0,-4146.0,-5900.0,98.0,-98.0,1882.0,-1882.0,0.0
./corner_detector_dataset/images/josea_1664304343_051061.jpg,-5588.0,-8342.0,-6430.0,-8636.0,568.0,-568.0,2480.0,-2480.0,0.0
./corner_detector_dataset/images/josea_1664304343_1946821.jpg,-7665.0,-8357.0,-8317.0,-9163.0,729.0,-729.0,769.0,-769.0,0.0
./corner_detector_dataset/images/josea_1664304343_3508425.jpg,-7822.0,-8480.0,-8750.0,-9076.0,762.0,-762.0,492.0,-492.0,0.0
./corner_detector_dataset/images/josea_1664304343_6806104.jpg,-7783.0,-8363.0,-8791.0,-9273.0,959.0,-959.0,531.0,-531.0,0.0
./corner_detector_dataset/images/josea_1664304343_8603306.jpg,-7833.0,-8421.0,-8833.0,-9355.0,967.0,-967.0,555.0,-555.0,0.0
./corner_detector_dataset/images/josea_1664304344_0350323.jpg,-7830.0,-8314.0,-8972.0,-9232.0,1030.0,-1030.0,372.0,-372.0,0.0
./corner_detector_dataset/images/josea_1664304344_1815817.jpg,-7905.0,-8427.0,-8651.0,-9491.0,905.0,-905.0,681.0,-681.0,0.0
./corner_detector_dataset/images/josea_1664304344_3579507.jpg,-8201.0,-8245.0,-8729.0,-8923.0,603.0,-603.0,119.0,-119.0,0.0
./corner_detector_dataset/images/josea_1664304344_5333235.jpg,-7850.0,-7622.0,-8302.0,-8114.0,472.0,-472.0,-208.0,208.0,0.0
./corner_detector_dataset/images/josea_1664304344_704385.jpg,-7291.0,-4375.0,-6961.0,-4675.0,-15.0,15.0,-2601.0,2601.0,0.0
./corner_detector_dataset/images/josea_1664304345_0971892.jpg,-4444.0,-3708.0,-4034.0,-3378.0,-370.0,370.0,-696.0,696.0,0.0
./corner_detector_dataset/images/josea_1664304345_2852154.jpg,-3363.0,-2809.0,-3267.0,-2435.0,-235.0,235.0,-693.0,693.0,0.0
./corner_detector_dataset/images/josea_1664304345_4349043.jpg,-2615.0,-2019.0,-2345.0,-1963.0,-163.0,163.0,-489.0,489.0,0.0
./corner_detector_dataset/images/josea_1664304345_610675.jpg,-2095.0,-1735.0,-1727.0,-1445.0,-329.0,329.0,-321.0,321.0,0.0
./corner_detector_dataset/images/josea_1664304345_7668767.jpg,-1568.0,-1426.0,-1528.0,-1122.0,-172.0,172.0,-274.0,274.0,0.0
./corner_detector_dataset/images/josea_1664304345_9510918.jpg,-1361.0,-1241.0,-1177.0,-1223.0,-101.0,101.0,-37.0,37.0,0.0
./corner_detector_dataset/images/josea_1664304346_1376283.jpg,-1653.0,-2333.0,-885.0,-2127.0,-487.0,487.0,961.0,-961.0,0.0
./corner_detector_dataset/images/josea_1664304346_3154802.jpg,-2602.0,-2768.0,-1994.0,-2004.0,-686.0,686.0,88.0,-88.0,0.0
./corner_detector_dataset/images/josea_1664304346_511848.jpg,-2249.0,-4567.0,-2463.0,-4167.0,-93.0,93.0,2011.0,-2011.0,0.0
./corner_detector_dataset/images/josea_1664304346_6787114.jpg,-4132.0,-4636.0,-4314.0,-4834.0,190.0,-190.0,512.0,-512.0,0.0
./corner_detector_dataset/images/josea_1664304346_88053.jpg,-4413.0,-4457.0,-4615.0,-4625.0,185.0,-185.0,27.0,-27.0,0.0
./corner_detector_dataset/images/josea_1664304347_0726082.jpg,-4089.0,-4279.0,-4525.0,-4481.0,319.0,-319.0,73.0,-73.0,0.0
./corner_detector_dataset/images/josea_1664304347_2473087.jpg,-2069.0,-2267.0,-2099.0,-2311.0,37.0,-37.0,205.0,-205.0,0.0
./corner_detector_dataset/images/josea_1664304347_4345975.jpg,-2228.0,-2478.0,-2284.0,-2502.0,40.0,-40.0,234.0,-234.0,0.0
./corner_detector_dataset/images/josea_1664304347_6210933.jpg,-2411.0,-2671.0,-2469.0,-2731.0,59.0,-59.0,261.0,-261.0,0.0
./corner_detector_dataset/images/josea_1664304347_7838771.jpg,-2586.0,-2910.0,-2674.0,-2970.0,74.0,-74.0,310.0,-310.0,0.0
./corner_detector_dataset/images/josea_1664304347_9801714.jpg,-2815.0,-3111.0,-2917.0,-3191.0,91.0,-91.0,285.0,-285.0,0.0
./corner_detector_dataset/images/josea_1664304348_1807165.jpg,-3019.0,-3261.0,-3093.0,-3357.0,85.0,-85.0,253.0,-253.0,0.0
./corner_detector_dataset/images/josea_1664304348_3975575.jpg,-3154.0,-3430.0,-3230.0,-3502.0,74.0,-74.0,274.0,-274.0,0.0
./corner_detector_dataset/images/josea_1664304348_583686.jpg,-3334.0,-3558.0,-3364.0,-3624.0,48.0,-48.0,242.0,-242.0,0.0
./corner_detector_dataset/images/josea_1664304348_7840226.jpg,-3469.0,-3691.0,-3437.0,-3717.0,-3.0,3.0,251.0,-251.0,0.0
./corner_detector_dataset/images/josea_1664304348_9850812.jpg,-3604.0,-3864.0,-3526.0,-3822.0,-60.0,60.0,278.0,-278.0,0.0
./corner_detector_dataset/images/josea_1664304349_1717362.jpg,-3669.0,-4047.0,-3721.0,-3973.0,-11.0,11.0,315.0,-315.0,0.0
./corner_detector_dataset/images/josea_1664304349_3679647.jpg,-4002.0,-5530.0,-3712.0,-5588.0,-116.0,116.0,1702.0,-1702.0,0.0
./corner_detector_dataset/images/josea_1664304349_5431347.jpg,-5335.0,-8927.0,-6115.0,-8729.0,291.0,-291.0,3103.0,-3103.0,0.0
./corner_detector_dataset/images/josea_1664304349_7211294.jpg,-7917.0,-8643.0,-8725.0,-9377.0,771.0,-771.0,689.0,-689.0,0.0
./corner_detector_dataset/images/josea_1664304349_919179.jpg,-8117.0,-8779.0,-8907.0,-9535.0,773.0,-773.0,645.0,-645.0,0.0
./corner_detector_dataset/images/josea_1664304350_1084146.jpg,-8278.0,-8830.0,-9042.0,-9566.0,750.0,-750.0,538.0,-538.0,0.0
./corner_detector_dataset/images/josea_1664304350_3093727.jpg,-8328.0,-8890.0,-9038.0,-9604.0,712.0,-712.0,564.0,-564.0,0.0
./corner_detector_dataset/images/josea_1664304350_5117173.jpg,-8355.0,-8907.0,-9103.0,-9565.0,703.0,-703.0,507.0,-507.0,0.0
./corner_detector_dataset/images/josea_1664304350_6866705.jpg,-8313.0,-8865.0,-9111.0,-9577.0,755.0,-755.0,509.0,-509.0,0.0
./corner_detector_dataset/images/josea_1664304350_8714004.jpg,-8471.0,-8201.0,-8929.0,-8945.0,601.0,-601.0,-127.0,127.0,0.0
./corner_detector_dataset/images/josea_1664304351_073317.jpg,-7879.0,-7627.0,-8233.0,-8031.0,379.0,-379.0,-227.0,227.0,0.0
./corner_detector_dataset/images/josea_1664304351_273325.jpg,-7117.0,-3875.0,-6901.0,-4141.0,25.0,-25.0,-3001.0,3001.0,0.0
./corner_detector_dataset/images/josea_1664304351_4592283.jpg,-3879.0,-3141.0,-3627.0,-2935.0,-229.0,229.0,-715.0,715.0,0.0
./corner_detector_dataset/images/josea_1664304351_650514.jpg,-2916.0,-2522.0,-2790.0,-2292.0,-178.0,178.0,-446.0,446.0,0.0
./corner_detector_dataset/images/josea_1664304351_8231792.jpg,-2288.0,-1864.0,-2316.0,-1748.0,-44.0,44.0,-496.0,496.0,0.0
./corner_detector_dataset/images/josea_1664304352_018182.jpg,-1729.0,-1389.0,-1715.0,-1413.0,5.0,-5.0,-321.0,321.0,0.0
./corner_detector_dataset/images/josea_1664304352_1967018.jpg,-1427.0,-1245.0,-1361.0,-1233.0,-39.0,39.0,-155.0,155.0,0.0
./corner_detector_dataset/images/josea_1664304352_404709.jpg,-1248.0,-1188.0,-1238.0,-1126.0,-36.0,36.0,-86.0,86.0,0.0
./corner_detector_dataset/images/josea_1664304352_5736554.jpg,-1449.0,-1475.0,-897.0,-1457.0,-285.0,285.0,293.0,-293.0,0.0
./corner_detector_dataset/images/josea_1664304352_776658.jpg,-1612.0,-2180.0,-1412.0,-1596.0,-392.0,392.0,376.0,-376.0,0.0
./corner_detector_dataset/images/josea_1664304352_9449692.jpg,-2028.0,-4320.0,-2036.0,-4228.0,-42.0,42.0,2242.0,-2242.0,0.0
./corner_detector_dataset/images/josea_1664304353_1372166.jpg,-4076.0,-4636.0,-4190.0,-4650.0,64.0,-64.0,510.0,-510.0,0.0
./corner_detector_dataset/images/josea_1664304353_3495617.jpg,-4221.0,-4587.0,-4657.0,-4713.0,281.0,-281.0,211.0,-211.0,0.0
./corner_detector_dataset/images/josea_1664304353_5238395.jpg,-4236.0,-4424.0,-4638.0,-4858.0,418.0,-418.0,204.0,-204.0,0.0
./corner_detector_dataset/images/josea_1664304353_6937878.jpg,-2048.0,-2262.0,-2114.0,-2296.0,50.0,-50.0,198.0,-198.0,0.0
./corner_detector_dataset/images/josea_1664304353_8763819.jpg,-2207.0,-2443.0,-2273.0,-2499.0,61.0,-61.0,231.0,-231.0,0.0
./corner_detector_dataset/images/josea_1664304354_0831857.jpg,-2397.0,-2641.0,-2447.0,-2697.0,53.0,-53.0,247.0,-247.0,0.0
./corner_detector_dataset/images/josea_1664304354_271759.jpg,-2569.0,-2885.0,-2637.0,-2935.0,59.0,-59.0,307.0,-307.0,0.0
./corner_detector_dataset/images/josea_1664304354_4578645.jpg,-2814.0,-3070.0,-2850.0,-3130.0,48.0,-48.0,268.0,-268.0,0.0
./corner_detector_dataset/images/josea_1664304354_625889.jpg,-2983.0,-3215.0,-3035.0,-3253.0,45.0,-45.0,225.0,-225.0,0.0
./corner_detector_dataset/images/josea_1664304354_8142917.jpg,-3132.0,-3328.0,-3108.0,-3372.0,10.0,-10.0,230.0,-230.0,0.0
./corner_detector_dataset/images/josea_1664304354_982818.jpg,-3252.0,-3444.0,-3206.0,-3414.0,-38.0,38.0,200.0,-200.0,0.0
./corner_detector_dataset/images/josea_1664304355_2015967.jpg,-3289.0,-3549.0,-3321.0,-3519.0,1.0,-1.0,229.0,-229.0,0.0
./corner_detector_dataset/images/josea_1664304355_3746371.jpg,-3339.0,-3679.0,-3463.0,-3713.0,79.0,-79.0,295.0,-295.0,0.0
./corner_detector_dataset/images/josea_1664304355_5782988.jpg,-3615.0,-3737.0,-3515.0,-3867.0,15.0,-15.0,237.0,-237.0,0.0
./corner_detector_dataset/images/josea_1664304355_7644122.jpg,-3767.0,-5017.0,-3479.0,-4851.0,-227.0,227.0,1311.0,-1311.0,0.0
./corner_detector_dataset/images/josea_1664304355_950208.jpg,-4779.0,-9243.0,-5665.0,-9103.0,373.0,-373.0,3951.0,-3951.0,0.0
./corner_detector_dataset/images/josea_1664304356_136095.jpg,-8231.0,-8915.0,-9047.0,-9729.0,815.0,-815.0,683.0,-683.0,0.0
./corner_detector_dataset/images/josea_1664304356_3121738.jpg,-8422.0,-9044.0,-9182.0,-9796.0,756.0,-756.0,618.0,-618.0,0.0
./corner_detector_dataset/images/josea_1664304356_4955013.jpg,-8530.0,-9076.0,-9256.0,-9774.0,712.0,-712.0,532.0,-532.0,0.0
./corner_detector_dataset/images/josea_1664304356_6603873.jpg,-8533.0,-9111.0,-9261.0,-9789.0,703.0,-703.0,553.0,-553.0,0.0
./corner_detector_dataset/images/josea_1664304356_8500946.jpg,-8550.0,-9118.0,-9288.0,-9804.0,712.0,-712.0,542.0,-542.0,0.0
./corner_detector_dataset/images/josea_1664304357_0214217.jpg,-8596.0,-9094.0,-9264.0,-9778.0,676.0,-676.0,506.0,-506.0,0.0
./corner_detector_dataset/images/josea_1664304357_1982055.jpg,-8615.0,-8275.0,-9169.0,-8883.0,581.0,-581.0,-313.0,313.0,0.0
./corner_detector_dataset/images/josea_1664304357_3852758.jpg,-7882.0,-7466.0,-8228.0,-7988.0,434.0,-434.0,-328.0,328.0,0.0
./corner_detector_dataset/images/josea_1664304357_5847487.jpg,-6901.0,-3543.0,-6847.0,-3807.0,105.0,-105.0,-3199.0,3199.0,0.0
./corner_detector_dataset/images/josea_1664304357_7574623.jpg,-3467.0,-2793.0,-3411.0,-2727.0,-61.0,61.0,-679.0,679.0,0.0
./corner_detector_dataset/images/josea_1664304357_961397.jpg,-2599.0,-2303.0,-2609.0,-2259.0,-17.0,17.0,-323.0,323.0,0.0
./corner_detector_dataset/images/josea_1664304358_1394813.jpg,-2171.0,-1821.0,-2211.0,-1827.0,23.0,-23.0,-367.0,367.0,0.0
./corner_detector_dataset/images/josea_1664304358_3364973.jpg,-1732.0,-1384.0,-1770.0,-1442.0,48.0,-48.0,-338.0,338.0,0.0
./corner_detector_dataset/images/josea_1664304358_5076106.jpg,-1383.0,-1223.0,-1415.0,-1249.0,29.0,-29.0,-163.0,163.0,0.0
./corner_detector_dataset/images/josea_1664304358_7065399.jpg,-1249.0,-1147.0,-1231.0,-1187.0,11.0,-11.0,-73.0,73.0,0.0
./corner_detector_dataset/images/josea_1664304358_8858812.jpg,-1228.0,-1146.0,-1128.0,-1130.0,-58.0,58.0,-40.0,40.0,0.0
./corner_detector_dataset/images/josea_1664304359_0550597.jpg,-1303.0,-1669.0,-1031.0,-1567.0,-187.0,187.0,451.0,-451.0,0.0
./corner_detector_dataset/images/josea_1664304359_2477403.jpg,-1880.0,-4132.0,-1728.0,-3856.0,-214.0,214.0,2190.0,-2190.0,0.0
./corner_detector_dataset/images/josea_1664304359_4388058.jpg,-3928.0,-4478.0,-3816.0,-4338.0,-126.0,126.0,536.0,-536.0,0.0
./corner_detector_dataset/images/josea_1664304359_6085956.jpg,-4308.0,-4630.0,-4158.0,-4524.0,-128.0,128.0,344.0,-344.0,0.0
./corner_detector_dataset/images/josea_1664304359_8152535.jpg,-4485.0,-4565.0,-4273.0,-4415.0,-181.0,181.0,111.0,-111.0,0.0
./corner_detector_dataset/images/josea_1664304359_989354.jpg,-2040.0,-2264.0,-2064.0,-2272.0,16.0,-16.0,216.0,-216.0,0.0
./corner_detector_dataset/images/josea_1664304360_1760068.jpg,-2212.0,-2432.0,-2252.0,-2464.0,36.0,-36.0,216.0,-216.0,0.0
./corner_detector_dataset/images/josea_1664304360_364322.jpg,-2365.0,-2615.0,-2423.0,-2655.0,49.0,-49.0,241.0,-241.0,0.0
./corner_detector_dataset/images/josea_1664304360_5328243.jpg,-2564.0,-2832.0,-2590.0,-2894.0,44.0,-44.0,286.0,-286.0,0.0
./corner_detector_dataset/images/josea_1664304360_7257102.jpg,-2764.0,-3002.0,-2798.0,-3024.0,28.0,-28.0,232.0,-232.0,0.0
./corner_detector_dataset/images/josea_1664304360_9002793.jpg,-2921.0,-3123.0,-2929.0,-3149.0,17.0,-17.0,211.0,-211.0,0.0
./corner_detector_dataset/images/josea_1664304361_0866995.jpg,-3023.0,-3189.0,-3029.0,-3197.0,7.0,-7.0,167.0,-167.0,0.0
./corner_detector_dataset/images/josea_1664304361_2724638.jpg,-3039.0,-3297.0,-3119.0,-3307.0,45.0,-45.0,223.0,-223.0,0.0
./corner_detector_dataset/images/josea_1664304361_4487202.jpg,-3159.0,-3405.0,-3231.0,-3479.0,73.0,-73.0,247.0,-247.0,0.0
./corner_detector_dataset/images/josea_1664304361_6463797.jpg,-3290.0,-3596.0,-3354.0,-3668.0,68.0,-68.0,310.0,-310.0,0.0
./corner_detector_dataset/images/josea_1664304361_848664.jpg,-3701.0,-3331.0,-3303.0,-3379.0,-175.0,175.0,-147.0,147.0,0.0
./corner_detector_dataset/images/josea_1664304362_0241315.jpg,-3104.0,-4790.0,-3194.0,-4388.0,-156.0,156.0,1440.0,-1440.0,0.0
./corner_detector_dataset/images/josea_1664304362_2208374.jpg,-4500.0,-9522.0,-5482.0,-9720.0,590.0,-590.0,4630.0,-4630.0,0.0
./corner_detector_dataset/images/josea_1664304362_4136887.jpg,-8532.0,-9294.0,-9574.0,-10216.0,982.0,-982.0,702.0,-702.0,0.0
./corner_detector_dataset/images/josea_1664304362_5943534.jpg,-8726.0,-9278.0,-9672.0,-10244.0,956.0,-956.0,562.0,-562.0,0.0
./corner_detector_dataset/images/josea_1664304362_7864304.jpg,-8728.0,-9306.0,-9678.0,-10188.0,916.0,-916.0,544.0,-544.0,0.0
./corner_detector_dataset/images/josea_1664304362_9643664.jpg,-8738.0,-9308.0,-9660.0,-10202.0,908.0,-908.0,556.0,-556.0,0.0
./corner_detector_dataset/images/josea_1664304363_1556082.jpg,-8736.0,-9348.0,-9678.0,-10210.0,902.0,-902.0,572.0,-572.0,0.0
./corner_detector_dataset/images/josea_1664304363_3363008.jpg,-8857.0,-9151.0,-9595.0,-10035.0,811.0,-811.0,367.0,-367.0,0.0
./corner_detector_dataset/images/josea_1664304363_5237985.jpg,-8756.0,-8306.0,-9268.0,-8954.0,580.0,-580.0,-382.0,382.0,0.0
./corner_detector_dataset/images/josea_1664304363_694988.jpg,-7934.0,-7406.0,-8302.0,-7890.0,426.0,-426.0,-470.0,470.0,0.0
./corner_detector_dataset/images/josea_1664304363_8735228.jpg,-6712.0,-3406.0,-6834.0,-3700.0,208.0,-208.0,-3220.0,3220.0,0.0
./corner_detector_dataset/images/josea_1664304364_0739686.jpg,-3290.0,-2608.0,-3348.0,-2718.0,84.0,-84.0,-656.0,656.0,0.0
./corner_detector_dataset/images/josea_1664304364_3860521.jpg,-2508.0,-2220.0,-2544.0,-2272.0,44.0,-44.0,-280.0,280.0,0.0
./corner_detector_dataset/images/josea_1664304364_6607497.jpg,-2114.0,-1846.0,-2212.0,-1892.0,72.0,-72.0,-294.0,294.0,0.0
./corner_detector_dataset/images/josea_1664304365_4988937.jpg,-1265.0,-1951.0,-2357.0,-2041.0,591.0,-591.0,185.0,-185.0,0.0
./corner_detector_dataset/images/josea_1664304366_2359316.jpg,-1143.0,-1565.0,-2917.0,-2761.0,1485.0,-1485.0,133.0,-133.0,0.0
./corner_detector_dataset/images/josea_1664304366_8826113.jpg,-2070.0,-390.0,-2126.0,-2018.0,842.0,-842.0,-894.0,894.0,0.0
./corner_detector_dataset/images/josea_1664304367_0890944.jpg,-1169.0,-1141.0,-1237.0,-1175.0,51.0,-51.0,-45.0,45.0,0.0
./corner_detector_dataset/images/josea_1664304367_257305.jpg,-1285.0,-1305.0,-1081.0,-1379.0,-65.0,65.0,159.0,-159.0,0.0
./corner_detector_dataset/images/josea_1664304367_4368653.jpg,-1890.0,-3428.0,-996.0,-3094.0,-614.0,614.0,1818.0,-1818.0,0.0
./corner_detector_dataset/images/josea_1664304367_6186442.jpg,-3495.0,-4219.0,-3017.0,-3519.0,-589.0,589.0,613.0,-613.0,0.0
./corner_detector_dataset/images/josea_1664304367_7989724.jpg,-3959.0,-4225.0,-3499.0,-3787.0,-449.0,449.0,277.0,-277.0,0.0
./corner_detector_dataset/images/josea_1664304367_9769614.jpg,-4072.0,-4118.0,-3606.0,-3684.0,-450.0,450.0,62.0,-62.0,0.0
./corner_detector_dataset/images/josea_1664304368_1595278.jpg,-2034.0,-2220.0,-2058.0,-2268.0,36.0,-36.0,198.0,-198.0,0.0
./corner_detector_dataset/images/josea_1664304368_348348.jpg,-2196.0,-2400.0,-2222.0,-2426.0,26.0,-26.0,204.0,-204.0,0.0
./corner_detector_dataset/images/josea_1664304368_5253193.jpg,-2366.0,-2564.0,-2360.0,-2590.0,10.0,-10.0,214.0,-214.0,0.0
./corner_detector_dataset/images/josea_1664304368_7446682.jpg,-2528.0,-2768.0,-2508.0,-2748.0,-20.0,20.0,240.0,-240.0,0.0
./corner_detector_dataset/images/josea_1664304368_919147.jpg,-2689.0,-2907.0,-2673.0,-2893.0,-15.0,15.0,219.0,-219.0,0.0
./corner_detector_dataset/images/josea_1664304369_127562.jpg,-2788.0,-3052.0,-2852.0,-3044.0,28.0,-28.0,228.0,-228.0,0.0
./corner_detector_dataset/images/josea_1664304369_2994356.jpg,-2909.0,-3087.0,-2993.0,-3149.0,73.0,-73.0,167.0,-167.0,0.0
./corner_detector_dataset/images/josea_1664304369_4714043.jpg,-2962.0,-3222.0,-3066.0,-3306.0,94.0,-94.0,250.0,-250.0,0.0
./corner_detector_dataset/images/josea_1664304369_6504762.jpg,-3100.0,-3350.0,-3222.0,-3448.0,110.0,-110.0,238.0,-238.0,0.0
./corner_detector_dataset/images/josea_1664304369_8229513.jpg,-3339.0,-3385.0,-3225.0,-3497.0,-1.0,1.0,159.0,-159.0,0.0
./corner_detector_dataset/images/josea_1664304370_0060685.jpg,-3409.0,-2945.0,-3173.0,-2799.0,-191.0,191.0,-419.0,419.0,0.0
./corner_detector_dataset/images/josea_1664304370_189024.jpg,-2605.0,-4619.0,-2799.0,-4415.0,-5.0,5.0,1815.0,-1815.0,0.0
./corner_detector_dataset/images/josea_1664304370_3607945.jpg,-4761.0,-9631.0,-5161.0,-9853.0,311.0,-311.0,4781.0,-4781.0,0.0
./corner_detector_dataset/images/josea_1664304370_5493116.jpg,-8929.0,-9739.0,-9381.0,-10081.0,397.0,-397.0,755.0,-755.0,0.0
./corner_detector_dataset/images/josea_1664304370_736459.jpg,-9102.0,-9672.0,-9604.0,-10114.0,472.0,-472.0,540.0,-540.0,0.0
./corner_detector_dataset/images/josea_1664304370_910432.jpg,-9067.0,-9663.0,-9579.0,-10129.0,489.0,-489.0,573.0,-573.0,0.0
./corner_detector_dataset/images/josea_1664304371_1027503.jpg,-9075.0,-9667.0,-9603.0,-10141.0,501.0,-501.0,565.0,-565.0,0.0
./corner_detector_dataset/images/josea_1664304371_2896843.jpg,-9077.0,-9687.0,-9611.0,-10175.0,511.0,-511.0,587.0,-587.0,0.0
./corner_detector_dataset/images/josea_1664304371_4582918.jpg,-9131.0,-9375.0,-9609.0,-9883.0,493.0,-493.0,259.0,-259.0,0.0
./corner_detector_dataset/images/josea_1664304371_6622133.jpg,-8837.0,-8359.0,-9205.0,-8793.0,401.0,-401.0,-445.0,445.0,0.0
./corner_detector_dataset/images/josea_1664304371_8365247.jpg,-7902.0,-7400.0,-8270.0,-7768.0,368.0,-368.0,-502.0,502.0,0.0
./corner_detector_dataset/images/josea_1664304372_0174878.jpg,-6584.0,-3430.0,-6818.0,-3736.0,270.0,-270.0,-3118.0,3118.0,0.0
./corner_detector_dataset/images/josea_1664304372_175958.jpg,-3263.0,-2593.0,-3433.0,-2797.0,187.0,-187.0,-653.0,653.0,0.0
./corner_detector_dataset/images/josea_1664304372_360121.jpg,-2514.0,-2176.0,-2594.0,-2324.0,114.0,-114.0,-304.0,304.0,0.0
./corner_detector_dataset/images/josea_1664304372_5551853.jpg,-2137.0,-1893.0,-2191.0,-1949.0,55.0,-55.0,-243.0,243.0,0.0
./corner_detector_dataset/images/josea_1664304373_0708241.jpg,-1049.0,-3507.0,-2677.0,-3553.0,837.0,-837.0,1667.0,-1667.0,0.0
./corner_detector_dataset/images/josea_1664304373_947794.jpg,-2549.0,-3637.0,-4875.0,-5417.0,2053.0,-2053.0,815.0,-815.0,1.0
./corner_detector_dataset/images/josea_1664304375_2108467.jpg,-4155.0,-307.0,-4217.0,-2275.0,1015.0,-1015.0,-2895.0,2895.0,1.0
./corner_detector_dataset/images/josea_1664304376_0230591.jpg,-1243.0,-1223.0,-1321.0,-1295.0,75.0,-75.0,-23.0,23.0,0.0
./corner_detector_dataset/images/josea_1664304376_5139666.jpg,-1317.0,-1181.0,-1237.0,-1243.0,-9.0,9.0,-65.0,65.0,0.0
./corner_detector_dataset/images/josea_1664304376_6981335.jpg,-1850.0,-1982.0,-618.0,-1898.0,-658.0,658.0,706.0,-706.0,0.0
./corner_detector_dataset/images/josea_1664304376_898619.jpg,-2718.0,-3348.0,-1314.0,-2048.0,-1352.0,1352.0,682.0,-682.0,0.0
./corner_detector_dataset/images/josea_1664304377_075858.jpg,-3188.0,-3650.0,-2124.0,-2374.0,-1170.0,1170.0,356.0,-356.0,0.0
./corner_detector_dataset/images/josea_1664304377_2447278.jpg,-3405.0,-3449.0,-2427.0,-2465.0,-981.0,981.0,41.0,-41.0,0.0
./corner_detector_dataset/images/josea_1664304377_4314327.jpg,-2025.0,-2197.0,-1967.0,-2137.0,-59.0,59.0,171.0,-171.0,0.0
./corner_detector_dataset/images/josea_1664304377_5990376.jpg,-2180.0,-2336.0,-2090.0,-2274.0,-76.0,76.0,170.0,-170.0,0.0
./corner_detector_dataset/images/josea_1664304377_7673476.jpg,-2285.0,-2505.0,-2231.0,-2413.0,-73.0,73.0,201.0,-201.0,0.0
./corner_detector_dataset/images/josea_1664304377_961783.jpg,-2399.0,-2669.0,-2411.0,-2627.0,-15.0,15.0,243.0,-243.0,0.0
./corner_detector_dataset/images/josea_1664304378_1576576.jpg,-2567.0,-2795.0,-2591.0,-2805.0,17.0,-17.0,221.0,-221.0,0.0
./corner_detector_dataset/images/josea_1664304378_3327444.jpg,-2712.0,-2976.0,-2738.0,-2994.0,22.0,-22.0,260.0,-260.0,0.0
./corner_detector_dataset/images/josea_1664304378_5128298.jpg,-2856.0,-3074.0,-2934.0,-3100.0,52.0,-52.0,192.0,-192.0,0.0
./corner_detector_dataset/images/josea_1664304378_6991227.jpg,-2934.0,-3202.0,-3048.0,-3288.0,100.0,-100.0,254.0,-254.0,0.0
./corner_detector_dataset/images/josea_1664304378_8983908.jpg,-3108.0,-3304.0,-3172.0,-3408.0,84.0,-84.0,216.0,-216.0,0.0
./corner_detector_dataset/images/josea_1664304379_0944924.jpg,-3319.0,-3117.0,-3143.0,-3155.0,-69.0,69.0,-95.0,95.0,0.0
./corner_detector_dataset/images/josea_1664304379_256227.jpg,-3022.0,-2694.0,-2956.0,-2528.0,-116.0,116.0,-378.0,378.0,0.0
./corner_detector_dataset/images/josea_1664304379_4608526.jpg,-2348.0,-4568.0,-2622.0,-4530.0,118.0,-118.0,2064.0,-2064.0,0.0
./corner_detector_dataset/images/josea_1664304379_6493154.jpg,-4816.0,-9356.0,-5184.0,-9672.0,342.0,-342.0,4514.0,-4514.0,0.0
./corner_detector_dataset/images/josea_1664304379_8452299.jpg,-8414.0,-9878.0,-9438.0,-10226.0,686.0,-686.0,1126.0,-1126.0,0.0
./corner_detector_dataset/images/josea_1664304380_0253537.jpg,-9022.0,-9544.0,-9946.0,-10480.0,930.0,-930.0,528.0,-528.0,0.0
./corner_detector_dataset/images/josea_1664304380_2235131.jpg,-8995.0,-9563.0,-9879.0,-10429.0,875.0,-875.0,559.0,-559.0,0.0
./corner_detector_dataset/images/josea_1664304380_4363172.jpg,-8987.0,-9603.0,-9861.0,-10423.0,847.0,-847.0,589.0,-589.0,0.0
./corner_detector_dataset/images/josea_1664304380_6140628.jpg,-9051.0,-9593.0,-9827.0,-10399.0,791.0,-791.0,557.0,-557.0,0.0
./corner_detector_dataset/images/josea_1664304380_7981296.jpg,-9060.0,-9328.0,-9802.0,-10042.0,728.0,-728.0,254.0,-254.0,0.0
./corner_detector_dataset/images/josea_1664304381_0195577.jpg,-8874.0,-8112.0,-9270.0,-8812.0,548.0,-548.0,-610.0,610.0,0.0
./corner_detector_dataset/images/josea_1664304381_1763468.jpg,-7782.0,-7364.0,-8126.0,-7664.0,322.0,-322.0,-440.0,440.0,0.0
./corner_detector_dataset/images/josea_1664304381_3700764.jpg,-6518.0,-3530.0,-6758.0,-3830.0,270.0,-270.0,-2958.0,2958.0,0.0
./corner_detector_dataset/images/josea_1664304381_5497243.jpg,-3334.0,-2682.0,-3538.0,-2906.0,214.0,-214.0,-642.0,642.0,0.0
./corner_detector_dataset/images/josea_1664304381_7489836.jpg,-2603.0,-2185.0,-2689.0,-2373.0,137.0,-137.0,-367.0,367.0,0.0
./corner_detector_dataset/images/josea_1664304381_9216645.jpg,-2174.0,-1884.0,-2186.0,-1960.0,44.0,-44.0,-258.0,258.0,0.0
./corner_detector_dataset/images/josea_1664304382_0994868.jpg,-1664.0,-4370.0,-2064.0,-4378.0,204.0,-204.0,2510.0,-2510.0,0.0
./corner_detector_dataset/images/josea_1664304382_301417.jpg,-4672.0,-5130.0,-4524.0,-5490.0,106.0,-106.0,712.0,-712.0,0.0
./corner_detector_dataset/images/josea_1664304382_6327405.jpg,-4783.0,-1425.0,-4829.0,-1285.0,-47.0,47.0,-3451.0,3451.0,0.0
./corner_detector_dataset/images/josea_1664304382_8247175.jpg,-1376.0,-1246.0,-1312.0,-1282.0,-14.0,14.0,-80.0,80.0,0.0
./corner_detector_dataset/images/josea_1664304383_00836.jpg,-1259.0,-1245.0,-1289.0,-1185.0,-15.0,15.0,-59.0,59.0,0.0
./corner_detector_dataset/images/josea_1664304383_1883585.jpg,-1252.0,-1264.0,-1222.0,-1298.0,2.0,-2.0,44.0,-44.0,0.0
./corner_detector_dataset/images/josea_1664304383_3725796.jpg,-1554.0,-1562.0,-1040.0,-1508.0,-284.0,284.0,238.0,-238.0,0.0
./corner_detector_dataset/images/josea_1664304383_5617337.jpg,-1742.0,-2332.0,-1374.0,-1800.0,-450.0,450.0,508.0,-508.0,0.0
./corner_detector_dataset/images/josea_1664304383_7479837.jpg,-2286.0,-2184.0,-1838.0,-1892.0,-370.0,370.0,-24.0,24.0,0.0
./corner_detector_dataset/images/josea_1664304383_9361088.jpg,-1923.0,-2057.0,-1781.0,-1941.0,-129.0,129.0,147.0,-147.0,0.0
./corner_detector_dataset/images/josea_1664304384_1372344.jpg,-2019.0,-2201.0,-1929.0,-2073.0,-109.0,109.0,163.0,-163.0,0.0
./corner_detector_dataset/images/josea_1664304384_3745089.jpg,-2116.0,-2374.0,-2090.0,-2296.0,-52.0,52.0,232.0,-232.0,0.0
./corner_detector_dataset/images/josea_1664304384_5611155.jpg,-2299.0,-2571.0,-2289.0,-2551.0,-15.0,15.0,267.0,-267.0,0.0
./corner_detector_dataset/images/josea_1664304384_7264516.jpg,-2479.0,-2729.0,-2519.0,-2727.0,19.0,-19.0,229.0,-229.0,0.0
./corner_detector_dataset/images/josea_1664304384_897977.jpg,-2633.0,-2889.0,-2681.0,-2931.0,45.0,-45.0,253.0,-253.0,0.0
./corner_detector_dataset/images/josea_1664304385_0882208.jpg,-2775.0,-3039.0,-2875.0,-3085.0,73.0,-73.0,237.0,-237.0,0.0
./corner_detector_dataset/images/josea_1664304385_2617104.jpg,-2946.0,-3164.0,-2996.0,-3246.0,66.0,-66.0,234.0,-234.0,0.0
./corner_detector_dataset/images/josea_1664304385_4440663.jpg,-3162.0,-3158.0,-3028.0,-3188.0,-52.0,52.0,78.0,-78.0,0.0
./corner_detector_dataset/images/josea_1664304385_6857207.jpg,-3120.0,-2896.0,-2960.0,-2760.0,-148.0,148.0,-212.0,212.0,0.0
./corner_detector_dataset/images/josea_1664304385_9257038.jpg,-2713.0,-2553.0,-2687.0,-2397.0,-91.0,91.0,-225.0,225.0,0.0
./corner_detector_dataset/images/josea_1664304386_1247532.jpg,-2230.0,-4638.0,-2552.0,-4644.0,164.0,-164.0,2250.0,-2250.0,0.0
./corner_detector_dataset/images/josea_1664304386_33617.jpg,-4274.0,-9934.0,-5948.0,-10300.0,1020.0,-1020.0,5006.0,-5006.0,0.0
./corner_detector_dataset/images/josea_1664304386_5236268.jpg,-8899.0,-9905.0,-10189.0,-11557.0,1471.0,-1471.0,1187.0,-1187.0,0.0
./corner_detector_dataset/images/josea_1664304386_7121804.jpg,-9425.0,-10083.0,-10799.0,-11295.0,1293.0,-1293.0,577.0,-577.0,0.0
./corner_detector_dataset/images/josea_1664304386_8861852.jpg,-9364.0,-10022.0,-10780.0,-11314.0,1354.0,-1354.0,596.0,-596.0,0.0
./corner_detector_dataset/images/josea_1664304387_0599842.jpg,-9344.0,-10002.0,-10760.0,-11334.0,1374.0,-1374.0,616.0,-616.0,0.0
./corner_detector_dataset/images/josea_1664304387_2851264.jpg,-9309.0,-9967.0,-10793.0,-11301.0,1409.0,-1409.0,583.0,-583.0,0.0
./corner_detector_dataset/images/josea_1664304387_4574761.jpg,-9190.0,-9666.0,-10852.0,-11056.0,1526.0,-1526.0,340.0,-340.0,0.0
./corner_detector_dataset/images/josea_1664304387_642493.jpg,-8859.0,-8289.0,-10567.0,-9855.0,1637.0,-1637.0,-641.0,641.0,0.0
./corner_detector_dataset/images/josea_1664304387_8362799.jpg,-8347.0,-6589.0,-8533.0,-8097.0,847.0,-847.0,-1097.0,1097.0,0.0
./corner_detector_dataset/images/josea_1664304388_022066.jpg,-6373.0,-3693.0,-6631.0,-3865.0,215.0,-215.0,-2723.0,2723.0,0.0
./corner_detector_dataset/images/josea_1664304388_2109606.jpg,-3413.0,-2813.0,-3655.0,-3061.0,245.0,-245.0,-597.0,597.0,0.0
./corner_detector_dataset/images/josea_1664304388_4239123.jpg,-2716.0,-2220.0,-2844.0,-2440.0,174.0,-174.0,-450.0,450.0,0.0
./corner_detector_dataset/images/josea_1664304388_6958685.jpg,-2242.0,-1820.0,-2196.0,-1922.0,28.0,-28.0,-348.0,348.0,0.0
./corner_detector_dataset/images/josea_1664304389_994636.jpg,-3060.0,-3170.0,-566.0,-3120.0,-1272.0,1272.0,1332.0,-1332.0,1.0
./corner_detector_dataset/images/josea_1664304391_499601.jpg,-4763.0,-4747.0,-1717.0,-2079.0,-2857.0,2857.0,173.0,-173.0,0.0
./corner_detector_dataset/images/josea_1664304392_312924.jpg,-3193.0,-2683.0,-3113.0,-25.0,-1369.0,1369.0,-1799.0,1799.0,1.0
./corner_detector_dataset/images/josea_1664304392_8066707.jpg,-1370.0,-1256.0,-1320.0,-1186.0,-60.0,60.0,-124.0,124.0,0.0
./corner_detector_dataset/images/josea_1664304393_649374.jpg,-1269.0,-1229.0,-1201.0,-1183.0,-57.0,57.0,-29.0,29.0,0.0
./corner_detector_dataset/images/josea_1664304393_824103.jpg,-1151.0,-1385.0,-1309.0,-1321.0,47.0,-47.0,123.0,-123.0,0.0
./corner_detector_dataset/images/josea_1664304394_0105422.jpg,-1049.0,-1519.0,-1723.0,-1735.0,445.0,-445.0,241.0,-241.0,0.0
./corner_detector_dataset/images/josea_1664304394_1998003.jpg,-1584.0,-1642.0,-1640.0,-2258.0,336.0,-336.0,338.0,-338.0,0.0
./corner_detector_dataset/images/josea_1664304394_374111.jpg,-2115.0,-1581.0,-1735.0,-1531.0,-215.0,215.0,-369.0,369.0,0.0
./corner_detector_dataset/images/josea_1664304394_5442686.jpg,-1753.0,-1895.0,-1731.0,-1867.0,-25.0,25.0,139.0,-139.0,0.0
./corner_detector_dataset/images/josea_1664304394_7204401.jpg,-1858.0,-2056.0,-1878.0,-2044.0,4.0,-4.0,182.0,-182.0,0.0
./corner_detector_dataset/images/josea_1664304394_8982162.jpg,-2021.0,-2251.0,-2027.0,-2263.0,9.0,-9.0,233.0,-233.0,0.0
./corner_detector_dataset/images/josea_1664304395_0883327.jpg,-2180.0,-2518.0,-2272.0,-2526.0,50.0,-50.0,296.0,-296.0,0.0
./corner_detector_dataset/images/josea_1664304395_2739923.jpg,-2420.0,-2660.0,-2518.0,-2750.0,94.0,-94.0,236.0,-236.0,0.0
./corner_detector_dataset/images/josea_1664304395_447361.jpg,-2604.0,-2822.0,-2662.0,-2900.0,68.0,-68.0,228.0,-228.0,0.0
./corner_detector_dataset/images/josea_1664304395_746791.jpg,-2752.0,-2990.0,-2806.0,-3044.0,54.0,-54.0,238.0,-238.0,0.0
./corner_detector_dataset/images/josea_1664304395_9426386.jpg,-2953.0,-3049.0,-2897.0,-3103.0,-1.0,1.0,151.0,-151.0,0.0
./corner_detector_dataset/images/josea_1664304396_1373212.jpg,-3038.0,-2918.0,-2886.0,-2862.0,-104.0,104.0,-72.0,72.0,0.0
./corner_detector_dataset/images/josea_1664304396_323133.jpg,-2851.0,-2627.0,-2681.0,-2475.0,-161.0,161.0,-215.0,215.0,0.0
./corner_detector_dataset/images/josea_1664304396_5128045.jpg,-2445.0,-2459.0,-2447.0,-2315.0,-71.0,71.0,-59.0,59.0,0.0
./corner_detector_dataset/images/josea_1664304396_6942346.jpg,-2492.0,-4402.0,-2156.0,-4398.0,-170.0,170.0,2076.0,-2076.0,0.0
./corner_detector_dataset/images/josea_1664304396_878151.jpg,-5182.0,-10152.0,-4488.0,-9774.0,-536.0,536.0,5128.0,-5128.0,0.0
./corner_detector_dataset/images/josea_1664304397_0611787.jpg,-9818.0,-10686.0,-9098.0,-10030.0,-688.0,688.0,900.0,-900.0,0.0
./corner_detector_dataset/images/josea_1664304397_2434268.jpg,-10102.0,-10722.0,-9442.0,-10054.0,-664.0,664.0,616.0,-616.0,0.0
./corner_detector_dataset/images/josea_1664304397_438216.jpg,-10103.0,-10721.0,-9489.0,-10101.0,-617.0,617.0,615.0,-615.0,0.0
./corner_detector_dataset/images/josea_1664304397_6366575.jpg,-10094.0,-10730.0,-9552.0,-10164.0,-554.0,554.0,624.0,-624.0,0.0
./corner_detector_dataset/images/josea_1664304397_8107643.jpg,-10126.0,-10698.0,-9580.0,-10192.0,-526.0,526.0,592.0,-592.0,0.0
./corner_detector_dataset/images/josea_1664304397_998394.jpg,-10061.0,-10663.0,-9639.0,-10151.0,-467.0,467.0,557.0,-557.0,0.0
./corner_detector_dataset/images/josea_1664304398_1873145.jpg,-9515.0,-9995.0,-10073.0,-9627.0,95.0,-95.0,17.0,-17.0,0.0
./corner_detector_dataset/images/josea_1664304398_364502.jpg,-9165.0,-6651.0,-9153.0,-7313.0,325.0,-325.0,-2177.0,2177.0,0.0
./corner_detector_dataset/images/josea_1664304398_5628114.jpg,-6073.0,-3891.0,-6261.0,-3801.0,49.0,-49.0,-2321.0,2321.0,0.0
./corner_detector_dataset/images/josea_1664304398_7357728.jpg,-3536.0,-2942.0,-3678.0,-3116.0,158.0,-158.0,-578.0,578.0,0.0
./corner_detector_dataset/images/josea_1664304398_9227185.jpg,-2837.0,-2295.0,-2887.0,-2419.0,87.0,-87.0,-505.0,505.0,0.0
./corner_detector_dataset/images/josea_1664304399_1203382.jpg,-2261.0,-1763.0,-2213.0,-1809.0,-1.0,1.0,-451.0,451.0,0.0
./corner_detector_dataset/images/josea_1664304399_3070035.jpg,-1793.0,-1457.0,-1673.0,-1407.0,-85.0,85.0,-301.0,301.0,0.0
./corner_detector_dataset/images/josea_1664304399_5275776.jpg,-1495.0,-1357.0,-1335.0,-1247.0,-135.0,135.0,-113.0,113.0,0.0
./corner_detector_dataset/images/josea_1664304399_7228725.jpg,-1366.0,-1330.0,-1250.0,-1178.0,-134.0,134.0,-54.0,54.0,0.0
./corner_detector_dataset/images/josea_1664304399_9117389.jpg,-1273.0,-1253.0,-1259.0,-1161.0,-53.0,53.0,-59.0,59.0,0.0
./corner_detector_dataset/images/josea_1664304400_1004436.jpg,-940.0,-1482.0,-1502.0,-1468.0,274.0,-274.0,254.0,-254.0,0.0
./corner_detector_dataset/images/josea_1664304400_2750285.jpg,-805.0,-1957.0,-2291.0,-2621.0,1075.0,-1075.0,741.0,-741.0,0.0
./corner_detector_dataset/images/josea_1664304400_4461617.jpg,-1872.0,-1846.0,-2644.0,-3142.0,1034.0,-1034.0,236.0,-236.0,0.0
./corner_detector_dataset/images/josea_1664304400_6199617.jpg,-2018.0,-2040.0,-2874.0,-2816.0,816.0,-816.0,-18.0,18.0,0.0
./corner_detector_dataset/images/josea_1664304400_8108711.jpg,-1600.0,-1708.0,-3072.0,-2548.0,1156.0,-1156.0,-208.0,208.0,0.0
./corner_detector_dataset/images/josea_1664304400_9716072.jpg,-1818.0,-1718.0,-1864.0,-1988.0,158.0,-158.0,12.0,-12.0,0.0
./corner_detector_dataset/images/josea_1664304401_1382816.jpg,-1816.0,-2016.0,-1864.0,-2064.0,48.0,-48.0,200.0,-200.0,0.0
./corner_detector_dataset/images/josea_1664304401_3196476.jpg,-1971.0,-2225.0,-2063.0,-2275.0,71.0,-71.0,233.0,-233.0,0.0
./corner_detector_dataset/images/josea_1664304401_487957.jpg,-2203.0,-2459.0,-2229.0,-2539.0,53.0,-53.0,283.0,-283.0,0.0
./corner_detector_dataset/images/josea_1664304401_6616123.jpg,-2429.0,-2675.0,-2469.0,-2697.0,31.0,-31.0,237.0,-237.0,0.0
./corner_detector_dataset/images/josea_1664304401_8384242.jpg,-2591.0,-2785.0,-2637.0,-2825.0,43.0,-43.0,191.0,-191.0,0.0
./corner_detector_dataset/images/josea_1664304401_998624.jpg,-2719.0,-2907.0,-2727.0,-2953.0,27.0,-27.0,207.0,-207.0,0.0
./corner_detector_dataset/images/josea_1664304402_1736782.jpg,-2906.0,-2860.0,-2780.0,-2854.0,-66.0,66.0,14.0,-14.0,0.0
./corner_detector_dataset/images/josea_1664304402_3482778.jpg,-2825.0,-2687.0,-2671.0,-2559.0,-141.0,141.0,-125.0,125.0,0.0
./corner_detector_dataset/images/josea_1664304402_537478.jpg,-2576.0,-2384.0,-2458.0,-2246.0,-128.0,128.0,-202.0,202.0,0.0
./corner_detector_dataset/images/josea_1664304402_7185912.jpg,-2270.0,-2334.0,-2208.0,-2228.0,-84.0,84.0,42.0,-42.0,0.0
./corner_detector_dataset/images/josea_1664304402_8938274.jpg,-2400.0,-3798.0,-2040.0,-3738.0,-210.0,210.0,1548.0,-1548.0,0.0
./corner_detector_dataset/images/josea_1664304403_0633008.jpg,-4275.0,-8831.0,-4021.0,-8475.0,-305.0,305.0,4505.0,-4505.0,0.0
./corner_detector_dataset/images/josea_1664304403_2629807.jpg,-8385.0,-9109.0,-8025.0,-8843.0,-313.0,313.0,771.0,-771.0,0.0
./corner_detector_dataset/images/josea_1664304403_4474757.jpg,-8654.0,-9224.0,-8318.0,-8888.0,-336.0,336.0,570.0,-570.0,0.0
./corner_detector_dataset/images/josea_1664304403_6361005.jpg,-8745.0,-9233.0,-8355.0,-8917.0,-353.0,353.0,525.0,-525.0,0.0
./corner_detector_dataset/images/josea_1664304403_8228269.jpg,-8816.0,-9284.0,-8320.0,-8900.0,-440.0,440.0,524.0,-524.0,0.0
./corner_detector_dataset/images/josea_1664304403_9996016.jpg,-8905.0,-9241.0,-8257.0,-8767.0,-561.0,561.0,423.0,-423.0,0.0
./corner_detector_dataset/images/josea_1664304404_1704588.jpg,-8874.0,-9278.0,-8120.0,-8660.0,-686.0,686.0,472.0,-472.0,0.0
./corner_detector_dataset/images/josea_1664304404_3487332.jpg,-8835.0,-9229.0,-8081.0,-8509.0,-737.0,737.0,411.0,-411.0,0.0
./corner_detector_dataset/images/josea_1664304404_553053.jpg,-8551.0,-6711.0,-8175.0,-6013.0,-537.0,537.0,-2001.0,2001.0,0.0
./corner_detector_dataset/images/josea_1664304404_7235286.jpg,-5568.0,-3956.0,-5648.0,-3664.0,-106.0,106.0,-1798.0,1798.0,0.0
./corner_detector_dataset/images/josea_1664304404_9114797.jpg,-3542.0,-2984.0,-3614.0,-3064.0,76.0,-76.0,-554.0,554.0,0.0
./corner_detector_dataset/images/josea_1664304405_0878043.jpg,-2863.0,-2283.0,-2853.0,-2347.0,27.0,-27.0,-543.0,543.0,0.0
./corner_detector_dataset/images/josea_1664304405_2625785.jpg,-2242.0,-1710.0,-2154.0,-1686.0,-56.0,56.0,-500.0,500.0,0.0
./corner_detector_dataset/images/josea_1664304405_456366.jpg,-1656.0,-1412.0,-1630.0,-1322.0,-58.0,58.0,-276.0,276.0,0.0
./corner_detector_dataset/images/josea_1664304405_648174.jpg,-1350.0,-1246.0,-1362.0,-1222.0,-6.0,6.0,-122.0,122.0,0.0
./corner_detector_dataset/images/josea_1664304405_848254.jpg,-1230.0,-1210.0,-1262.0,-1226.0,24.0,-24.0,-28.0,28.0,0.0
./corner_detector_dataset/images/josea_1664304406_0522516.jpg,-1181.0,-1251.0,-1279.0,-1271.0,59.0,-59.0,31.0,-31.0,0.0
./corner_detector_dataset/images/josea_1664304406_2247624.jpg,-915.0,-2179.0,-1725.0,-2359.0,495.0,-495.0,949.0,-949.0,0.0
./corner_detector_dataset/images/josea_1664304406_4237082.jpg,-2940.0,-1914.0,-1608.0,-2478.0,-384.0,384.0,-78.0,78.0,0.0
./corner_detector_dataset/images/josea_1664304406_6176553.jpg,-2292.0,-3088.0,-1916.0,-1884.0,-790.0,790.0,382.0,-382.0,0.0
./corner_detector_dataset/images/josea_1664304406_7929025.jpg,-2753.0,-2551.0,-2243.0,-2251.0,-405.0,405.0,-97.0,97.0,0.0
./corner_detector_dataset/images/josea_1664304406_985724.jpg,-2642.0,-2684.0,-2068.0,-2250.0,-504.0,504.0,112.0,-112.0,0.0
./corner_detector_dataset/images/josea_1664304407_1616166.jpg,-4079.0,157.0,-4867.0,-4645.0,2795.0,-2795.0,-2229.0,2229.0,0.0
./corner_detector_dataset/images/josea_1664304407_349192.jpg,-2040.0,-1820.0,-2104.0,-2280.0,262.0,-262.0,-22.0,22.0,0.0
./corner_detector_dataset/images/josea_1664304407_5443358.jpg,-1994.0,-2234.0,-2060.0,-2288.0,60.0,-60.0,234.0,-234.0,0.0
./corner_detector_dataset/images/josea_1664304407_7308466.jpg,-2202.0,-2434.0,-2250.0,-2498.0,56.0,-56.0,240.0,-240.0,0.0
./corner_detector_dataset/images/josea_1664304407_925759.jpg,-2378.0,-2638.0,-2452.0,-2680.0,58.0,-58.0,244.0,-244.0,0.0
./corner_detector_dataset/images/josea_1664304408_1230211.jpg,-2546.0,-2744.0,-2616.0,-2806.0,66.0,-66.0,194.0,-194.0,0.0
./corner_detector_dataset/images/josea_1664304408_2995396.jpg,-2700.0,-2788.0,-2692.0,-2852.0,28.0,-28.0,124.0,-124.0,0.0
./corner_detector_dataset/images/josea_1664304408_4995096.jpg,-2761.0,-2665.0,-2697.0,-2655.0,-37.0,37.0,-69.0,69.0,0.0
./corner_detector_dataset/images/josea_1664304408_6826496.jpg,-2610.0,-2428.0,-2512.0,-2378.0,-74.0,74.0,-158.0,158.0,0.0
./corner_detector_dataset/images/josea_1664304408_8511593.jpg,-2332.0,-2224.0,-2294.0,-2126.0,-68.0,68.0,-138.0,138.0,0.0
./corner_detector_dataset/images/josea_1664304409_0319214.jpg,-2135.0,-2177.0,-2101.0,-2161.0,-25.0,25.0,51.0,-51.0,0.0
./corner_detector_dataset/images/josea_1664304409_2235456.jpg,-2144.0,-3406.0,-2070.0,-3364.0,-58.0,58.0,1278.0,-1278.0,0.0
./corner_detector_dataset/images/josea_1664304409_4183106.jpg,-3393.0,-8485.0,-4177.0,-8491.0,395.0,-395.0,4703.0,-4703.0,0.0
./corner_detector_dataset/images/josea_1664304409_5973513.jpg,-7669.0,-8339.0,-8411.0,-9079.0,741.0,-741.0,669.0,-669.0,0.0
./corner_detector_dataset/images/josea_1664304409_8066182.jpg,-7872.0,-8434.0,-8596.0,-9130.0,710.0,-710.0,548.0,-548.0,0.0
./corner_detector_dataset/images/josea_1664304409_9997158.jpg,-7922.0,-8452.0,-8674.0,-9136.0,718.0,-718.0,496.0,-496.0,0.0
./corner_detector_dataset/images/josea_1664304410_1993556.jpg,-7936.0,-8390.0,-8660.0,-9098.0,716.0,-716.0,446.0,-446.0,0.0
./corner_detector_dataset/images/josea_1664304410_3732016.jpg,-7889.0,-8249.0,-8605.0,-8927.0,697.0,-697.0,341.0,-341.0,0.0
./corner_detector_dataset/images/josea_1664304410_5567045.jpg,-7878.0,-8024.0,-8322.0,-8688.0,554.0,-554.0,256.0,-256.0,0.0
./corner_detector_dataset/images/josea_1664304410_7439299.jpg,-7845.0,-7861.0,-7803.0,-8173.0,135.0,-135.0,193.0,-193.0,0.0
./corner_detector_dataset/images/josea_1664304410_9451842.jpg,-7605.0,-5845.0,-7667.0,-5925.0,71.0,-71.0,-1751.0,1751.0,0.0
./corner_detector_dataset/images/josea_1664304411_1474857.jpg,-5128.0,-3732.0,-5198.0,-3710.0,24.0,-24.0,-1442.0,1442.0,0.0
./corner_detector_dataset/images/josea_1664304411_324652.jpg,-3475.0,-2947.0,-3531.0,-3005.0,57.0,-57.0,-527.0,527.0,0.0
./corner_detector_dataset/images/josea_1664304411_5030606.jpg,-2838.0,-2200.0,-2794.0,-2248.0,2.0,-2.0,-592.0,592.0,0.0
./corner_detector_dataset/images/josea_1664304411_6844537.jpg,-2150.0,-1604.0,-2054.0,-1552.0,-74.0,74.0,-524.0,524.0,0.0
./corner_detector_dataset/images/josea_1664304411_8612444.jpg,-1541.0,-1395.0,-1511.0,-1295.0,-65.0,65.0,-181.0,181.0,0.0
./corner_detector_dataset/images/josea_1664304412_0496268.jpg,-1324.0,-1304.0,-1362.0,-1286.0,10.0,-10.0,-48.0,48.0,0.0
./corner_detector_dataset/images/josea_1664304412_2468717.jpg,-1307.0,-1233.0,-1295.0,-1263.0,9.0,-9.0,-53.0,53.0,0.0
./corner_detector_dataset/images/josea_1664304412_4241164.jpg,-694.0,-1942.0,-1810.0,-1934.0,554.0,-554.0,686.0,-686.0,0.0
./corner_detector_dataset/images/josea_1664304412_6314688.jpg,-2525.0,-1511.0,-1551.0,-2615.0,65.0,-65.0,25.0,-25.0,0.0
./corner_detector_dataset/images/josea_1664304412_813151.jpg,-1844.0,-2048.0,-1992.0,-1084.0,-408.0,408.0,-352.0,352.0,0.0
./corner_detector_dataset/images/josea_1664304413_014814.jpg,-1386.0,-2368.0,-1760.0,-2526.0,266.0,-266.0,874.0,-874.0,0.0
./corner_detector_dataset/images/josea_1664304413_2097397.jpg,-2504.0,-1930.0,-2522.0,-2340.0,214.0,-214.0,-378.0,378.0,0.0
./corner_detector_dataset/images/josea_1664304413_401053.jpg,-2139.0,-2091.0,-2077.0,-2079.0,-37.0,37.0,-23.0,23.0,0.0
./corner_detector_dataset/images/josea_1664304413_6128309.jpg,-4188.0,-5564.0,-9348.0,-5236.0,2416.0,-2416.0,-1368.0,1368.0,0.0
./corner_detector_dataset/images/josea_1664304413_8101363.jpg,-4303.0,-165.0,-5491.0,-5111.0,3067.0,-3067.0,-2259.0,2259.0,0.0
./corner_detector_dataset/images/josea_1664304414_0153449.jpg,-2277.0,-1975.0,-2533.0,-2753.0,517.0,-517.0,-41.0,41.0,0.0
./corner_detector_dataset/images/josea_1664304424_337629.jpg,-2197.0,-2419.0,-2443.0,-2651.0,239.0,-239.0,215.0,-215.0,0.0
./corner_detector_dataset/images/josea_1664304424_5067186.jpg,-2389.0,-2587.0,-2571.0,-2819.0,207.0,-207.0,223.0,-223.0,0.0
./corner_detector_dataset/images/josea_1664304424_6984339.jpg,-2529.0,-2719.0,-2713.0,-2897.0,181.0,-181.0,187.0,-187.0,0.0
./corner_detector_dataset/images/josea_1664304424_8863423.jpg,-2652.0,-2698.0,-2798.0,-2876.0,162.0,-162.0,62.0,-62.0,0.0
./corner_detector_dataset/images/josea_1664304425_0688367.jpg,-2622.0,-2548.0,-2764.0,-2674.0,134.0,-134.0,-82.0,82.0,0.0
./corner_detector_dataset/images/josea_1664304425_2752483.jpg,-2463.0,-2269.0,-2563.0,-2391.0,111.0,-111.0,-183.0,183.0,0.0
./corner_detector_dataset/images/josea_1664304425_47409.jpg,-2209.0,-2097.0,-2281.0,-2195.0,85.0,-85.0,-99.0,99.0,0.0
./corner_detector_dataset/images/josea_1664304425_675002.jpg,-2062.0,-2102.0,-2138.0,-2166.0,70.0,-70.0,34.0,-34.0,0.0
./corner_detector_dataset/images/josea_1664304425_8680887.jpg,-1997.0,-3241.0,-2151.0,-3317.0,115.0,-115.0,1205.0,-1205.0,0.0
./corner_detector_dataset/images/josea_1664304426_0630996.jpg,-3148.0,-8874.0,-4302.0,-9088.0,684.0,-684.0,5256.0,-5256.0,0.0
./corner_detector_dataset/images/josea_1664304426_4348466.jpg,-7912.0,-8646.0,-9092.0,-9726.0,1130.0,-1130.0,684.0,-684.0,0.0
./corner_detector_dataset/images/josea_1664304426_6474483.jpg,-8124.0,-8650.0,-9220.0,-9734.0,1090.0,-1090.0,520.0,-520.0,0.0
./corner_detector_dataset/images/josea_1664304430_2121868.jpg,-8187.0,-8653.0,-9163.0,-9663.0,993.0,-993.0,483.0,-483.0,0.0
./corner_detector_dataset/images/josea_1664304430_3825781.jpg,-8164.0,-8624.0,-9108.0,-9528.0,924.0,-924.0,440.0,-440.0,0.0
./corner_detector_dataset/images/josea_1664304430_587423.jpg,-8175.0,-8377.0,-8935.0,-9251.0,817.0,-817.0,259.0,-259.0,0.0
./corner_detector_dataset/images/josea_1664304430_787058.jpg,-9134.0,-6904.0,-7460.0,-7586.0,-496.0,496.0,-1052.0,1052.0,0.0
./corner_detector_dataset/images/josea_1664304431_1493359.jpg,-7743.0,-7259.0,-5367.0,-5333.0,-2151.0,2151.0,-259.0,259.0,0.0
./corner_detector_dataset/images/josea_1664304431_3487122.jpg,-6026.0,-6770.0,-6060.0,-4448.0,-1144.0,1144.0,-434.0,434.0,0.0
./corner_detector_dataset/images/josea_1664304431_5522416.jpg,-4766.0,-3712.0,-5248.0,-3966.0,368.0,-368.0,-1168.0,1168.0,0.0
./corner_detector_dataset/images/josea_1664304431_7326205.jpg,-3417.0,-2873.0,-3817.0,-3327.0,427.0,-427.0,-517.0,517.0,0.0
./corner_detector_dataset/images/josea_1664304431_924043.jpg,-2783.0,-2107.0,-3069.0,-2463.0,321.0,-321.0,-641.0,641.0,0.0
./corner_detector_dataset/images/josea_1664304432_0841208.jpg,-2048.0,-1486.0,-2250.0,-1732.0,224.0,-224.0,-540.0,540.0,0.0
./corner_detector_dataset/images/josea_1664304432_2326963.jpg,-1536.0,-1248.0,-1568.0,-1432.0,108.0,-108.0,-212.0,212.0,0.0
./corner_detector_dataset/images/josea_1664304432_438643.jpg,-1339.0,-1305.0,-1345.0,-1325.0,13.0,-13.0,-27.0,27.0,0.0
./corner_detector_dataset/images/josea_1664304432_6170819.jpg,-1046.0,-1528.0,-1602.0,-1544.0,286.0,-286.0,212.0,-212.0,0.0
./corner_detector_dataset/images/josea_1664304432_784083.jpg,-1545.0,-2239.0,-1669.0,-2929.0,407.0,-407.0,977.0,-977.0,0.0
./corner_detector_dataset/images/josea_1664304432_9778326.jpg,-2351.0,-1721.0,-2655.0,-1559.0,71.0,-71.0,-863.0,863.0,0.0
./corner_detector_dataset/images/josea_1664304433_1371791.jpg,-1413.0,-1605.0,-1721.0,-1983.0,343.0,-343.0,227.0,-227.0,0.0
./corner_detector_dataset/images/josea_1664304433_2806091.jpg,-1455.0,-2771.0,-2063.0,-2989.0,413.0,-413.0,1121.0,-1121.0,0.0
./corner_detector_dataset/images/josea_1664304433_4733777.jpg,-2690.0,-2062.0,-3206.0,-2642.0,548.0,-548.0,-596.0,596.0,0.0
./corner_detector_dataset/images/josea_1664304433_6369677.jpg,-2066.0,-1988.0,-2510.0,-2468.0,462.0,-462.0,-60.0,60.0,0.0
./corner_detector_dataset/images/josea_1664304433_8077056.jpg,-5591.0,-8313.0,-4739.0,-6399.0,-1383.0,1383.0,2191.0,-2191.0,0.0
./corner_detector_dataset/images/josea_1664304434_000314.jpg,-4647.0,-6141.0,-9375.0,-5571.0,2079.0,-2079.0,-1155.0,1155.0,0.0
./corner_detector_dataset/images/josea_1664304434_174218.jpg,-4325.0,-1203.0,-6387.0,-5919.0,3389.0,-3389.0,-1795.0,1795.0,0.0
./corner_detector_dataset/images/josea_1664304434_3325846.jpg,-2787.0,-2377.0,-3747.0,-3971.0,1277.0,-1277.0,-93.0,93.0,0.0
./corner_detector_dataset/images/josea_1664304434_5130186.jpg,-2586.0,-2844.0,-3562.0,-3744.0,938.0,-938.0,220.0,-220.0,0.0
./corner_detector_dataset/images/josea_1664304434_710389.jpg,-2691.0,-2941.0,-3669.0,-3853.0,945.0,-945.0,217.0,-217.0,0.0
./corner_detector_dataset/images/josea_1664304434_8874633.jpg,-2781.0,-2897.0,-3759.0,-3805.0,943.0,-943.0,81.0,-81.0,0.0
./corner_detector_dataset/images/josea_1664304435_0891905.jpg,-2769.0,-2667.0,-3657.0,-3577.0,899.0,-899.0,-91.0,91.0,0.0
./corner_detector_dataset/images/josea_1664304435_2720847.jpg,-2625.0,-2333.0,-3343.0,-3157.0,771.0,-771.0,-239.0,239.0,0.0
./corner_detector_dataset/images/josea_1664304435_4612975.jpg,-2350.0,-2136.0,-2902.0,-2796.0,606.0,-606.0,-160.0,160.0,0.0
./corner_detector_dataset/images/josea_1664304435_6392262.jpg,-2180.0,-2118.0,-2602.0,-2624.0,464.0,-464.0,-20.0,20.0,0.0
./corner_detector_dataset/images/josea_1664304435_8338346.jpg,-2156.0,-3198.0,-2420.0,-3574.0,320.0,-320.0,1098.0,-1098.0,0.0
./corner_detector_dataset/images/josea_1664304436_0113554.jpg,-3545.0,-9229.0,-4123.0,-9501.0,425.0,-425.0,5531.0,-5531.0,0.0
./corner_detector_dataset/images/josea_1664304436_1868448.jpg,-8516.0,-9366.0,-9178.0,-9872.0,584.0,-584.0,772.0,-772.0,0.0
./corner_detector_dataset/images/josea_1664304436_3824332.jpg,-8763.0,-9237.0,-9367.0,-9851.0,609.0,-609.0,479.0,-479.0,0.0
./corner_detector_dataset/images/josea_1664304436_5614557.jpg,-8699.0,-9173.0,-9299.0,-9739.0,583.0,-583.0,457.0,-457.0,0.0
./corner_detector_dataset/images/josea_1664304436_810062.jpg,-8624.0,-9076.0,-9204.0,-9644.0,574.0,-574.0,446.0,-446.0,0.0
./corner_detector_dataset/images/josea_1664304436_985863.jpg,-8745.0,-8515.0,-8867.0,-9043.0,325.0,-325.0,-27.0,27.0,0.0
./corner_detector_dataset/images/josea_1664304437_1874692.jpg,-8159.0,-5729.0,-8333.0,-5829.0,137.0,-137.0,-2467.0,2467.0,0.0
./corner_detector_dataset/images/josea_1664304437_3956628.jpg,-5014.0,-4190.0,-4916.0,-4348.0,30.0,-30.0,-696.0,696.0,0.0
./corner_detector_dataset/images/josea_1664304437_5740323.jpg,-3937.0,-5509.0,-4303.0,-5485.0,171.0,-171.0,1377.0,-1377.0,0.0
./corner_detector_dataset/images/josea_1664304437_7449028.jpg,-4801.0,-4147.0,-5589.0,-4665.0,653.0,-653.0,-789.0,789.0,0.0
./corner_detector_dataset/images/josea_1664304437_9210935.jpg,-3731.0,-3333.0,-4567.0,-4055.0,779.0,-779.0,-455.0,455.0,0.0
./corner_detector_dataset/images/josea_1664304438_1104348.jpg,-3114.0,-2430.0,-3852.0,-3212.0,760.0,-760.0,-662.0,662.0,0.0
./corner_detector_dataset/images/josea_1664304438_3062003.jpg,-2377.0,-1687.0,-2913.0,-2377.0,613.0,-613.0,-613.0,613.0,0.0
./corner_detector_dataset/images/josea_1664304438_52359.jpg,-1803.0,-1287.0,-2063.0,-1765.0,369.0,-369.0,-407.0,407.0,0.0
./corner_detector_dataset/images/josea_1664304438_7120311.jpg,-1359.0,-1389.0,-1643.0,-1615.0,255.0,-255.0,1.0,-1.0,0.0
./corner_detector_dataset/images/josea_1664304438_9207098.jpg,-909.0,-2393.0,-2117.0,-2679.0,747.0,-747.0,1023.0,-1023.0,0.0
./corner_detector_dataset/images/josea_1664304439_1313663.jpg,-2632.0,-1960.0,-2568.0,-3036.0,506.0,-506.0,-102.0,102.0,0.0
./corner_detector_dataset/images/josea_1664304439_3357897.jpg,-1942.0,-2266.0,-2756.0,-2320.0,434.0,-434.0,-56.0,56.0,0.0
./corner_detector_dataset/images/josea_1664304439_5252993.jpg,-1634.0,-2230.0,-2900.0,-3060.0,1048.0,-1048.0,378.0,-378.0,0.0
./corner_detector_dataset/images/josea_1664304439_6978226.jpg,-2017.0,-3055.0,-3003.0,-4235.0,1083.0,-1083.0,1135.0,-1135.0,0.0
./corner_detector_dataset/images/josea_1664304439_8601794.jpg,-3030.0,-2820.0,-4262.0,-3704.0,1058.0,-1058.0,-384.0,384.0,0.0
./corner_detector_dataset/images/josea_1664304440_060121.jpg,-2606.0,-2458.0,-3678.0,-3610.0,1112.0,-1112.0,-108.0,108.0,0.0
./corner_detector_dataset/images/josea_1664304440_2357845.jpg,-4563.0,-5465.0,-1379.0,-4091.0,-2279.0,2279.0,1807.0,-1807.0,0.0
./corner_detector_dataset/images/josea_1664304440_4106205.jpg,-5566.0,-8480.0,-3906.0,-5532.0,-2304.0,2304.0,2270.0,-2270.0,0.0
./corner_detector_dataset/images/josea_1664304440_5980504.jpg,-5084.0,-7036.0,-8454.0,-5710.0,1022.0,-1022.0,-396.0,396.0,0.0
./corner_detector_dataset/images/josea_1664304440_7989762.jpg,-5115.0,-2481.0,-6653.0,-6009.0,2533.0,-2533.0,-1639.0,1639.0,0.0
./corner_detector_dataset/images/josea_1664304440_9701505.jpg,-3796.0,-3162.0,-3988.0,-4234.0,632.0,-632.0,-194.0,194.0,0.0
./corner_detector_dataset/images/josea_1664304441_1633952.jpg,-3448.0,-3714.0,-3682.0,-3908.0,214.0,-214.0,246.0,-246.0,0.0
./corner_detector_dataset/images/josea_1664304441_3715491.jpg,-3550.0,-3666.0,-3760.0,-3888.0,216.0,-216.0,122.0,-122.0,0.0
./corner_detector_dataset/images/josea_1664304441_5493827.jpg,-3469.0,-3443.0,-3755.0,-3643.0,243.0,-243.0,-69.0,69.0,0.0
./corner_detector_dataset/images/josea_1664304441_7606294.jpg,-3265.0,-2961.0,-3481.0,-3219.0,237.0,-237.0,-283.0,283.0,0.0
./corner_detector_dataset/images/josea_1664304441_9473152.jpg,-2881.0,-2613.0,-3005.0,-2811.0,161.0,-161.0,-231.0,231.0,0.0
./corner_detector_dataset/images/josea_1664304442_134059.jpg,-2564.0,-2490.0,-2664.0,-2602.0,106.0,-106.0,-68.0,68.0,0.0
./corner_detector_dataset/images/josea_1664304442_3183956.jpg,-2405.0,-3357.0,-2481.0,-3443.0,81.0,-81.0,957.0,-957.0,0.0
./corner_detector_dataset/images/josea_1664304442_5329397.jpg,-3865.0,-8989.0,-3803.0,-9089.0,19.0,-19.0,5205.0,-5205.0,0.0
./corner_detector_dataset/images/josea_1664304442_7354536.jpg,-8354.0,-9560.0,-8626.0,-9440.0,76.0,-76.0,1010.0,-1010.0,0.0
./corner_detector_dataset/images/josea_1664304442_9224966.jpg,-8833.0,-9251.0,-9061.0,-9497.0,237.0,-237.0,427.0,-427.0,0.0
./corner_detector_dataset/images/josea_1664304443_1225958.jpg,-8724.0,-9198.0,-8968.0,-9422.0,234.0,-234.0,464.0,-464.0,0.0
./corner_detector_dataset/images/josea_1664304443_3087978.jpg,-8665.0,-9093.0,-8891.0,-9309.0,221.0,-221.0,423.0,-423.0,0.0
./corner_detector_dataset/images/josea_1664304443_51888.jpg,-8462.0,-8382.0,-8852.0,-8604.0,306.0,-306.0,-164.0,164.0,0.0
./corner_detector_dataset/images/josea_1664304443_6994915.jpg,-7843.0,-5799.0,-8099.0,-6149.0,303.0,-303.0,-1997.0,1997.0,0.0
./corner_detector_dataset/images/josea_1664304443_9035542.jpg,-5030.0,-4596.0,-5486.0,-4892.0,376.0,-376.0,-514.0,514.0,0.0
./corner_detector_dataset/images/josea_1664304444_068398.jpg,-4316.0,-5540.0,-4810.0,-5882.0,418.0,-418.0,1148.0,-1148.0,0.0
./corner_detector_dataset/images/josea_1664304444_2467735.jpg,-5059.0,-4687.0,-5845.0,-5215.0,657.0,-657.0,-501.0,501.0,0.0
./corner_detector_dataset/images/josea_1664304444_4345253.jpg,-4381.0,-3845.0,-4911.0,-4561.0,623.0,-623.0,-443.0,443.0,0.0
./corner_detector_dataset/images/josea_1664304444_6322536.jpg,-3807.0,-2983.0,-4089.0,-3455.0,377.0,-377.0,-729.0,729.0,0.0
./corner_detector_dataset/images/josea_1664304444_8226442.jpg,-3025.0,-2101.0,-2987.0,-2337.0,99.0,-99.0,-787.0,787.0,0.0
./corner_detector_dataset/images/josea_1664304445_022075.jpg,-2238.0,-1504.0,-1928.0,-1438.0,-188.0,188.0,-612.0,612.0,0.0
./corner_detector_dataset/images/josea_1664304445_4370177.jpg,-1393.0,-1825.0,-1485.0,-1527.0,-103.0,103.0,237.0,-237.0,0.0
./corner_detector_dataset/images/josea_1664304445_8229961.jpg,-1409.0,-3343.0,-2189.0,-3649.0,543.0,-543.0,1697.0,-1697.0,0.0
./corner_detector_dataset/images/josea_1664304446_810054.jpg,-2886.0,-2556.0,-3734.0,-3024.0,658.0,-658.0,-520.0,520.0,0.0
./corner_detector_dataset/images/josea_1664304447_1156874.jpg,-2181.0,-2845.0,-3243.0,-3677.0,947.0,-947.0,549.0,-549.0,0.0
./corner_detector_dataset/images/josea_1664304447_2368584.jpg,-2851.0,-3213.0,-3537.0,-4165.0,819.0,-819.0,495.0,-495.0,0.0
./corner_detector_dataset/images/josea_1664304447_4482515.jpg,-3574.0,-3690.0,-3474.0,-4374.0,292.0,-292.0,508.0,-508.0,0.0
./corner_detector_dataset/images/josea_1664304449_182371.jpg,-3974.0,-3872.0,-3832.0,-3670.0,-172.0,172.0,-132.0,132.0,1.0
./corner_detector_dataset/images/josea_1664304452_8620162.jpg,-3707.0,-3469.0,-3489.0,-3309.0,-189.0,189.0,-209.0,209.0,0.0
./corner_detector_dataset/images/josea_1664304453_6581686.jpg,-2569.0,-2533.0,-1661.0,-2267.0,-587.0,587.0,285.0,-285.0,0.0
./corner_detector_dataset/images/josea_1664304453_9987566.jpg,-4069.0,-4417.0,-763.0,-3445.0,-2139.0,2139.0,1515.0,-1515.0,0.0
./corner_detector_dataset/images/josea_1664304454_4850516.jpg,-5515.0,-7603.0,-2307.0,-4321.0,-3245.0,3245.0,2051.0,-2051.0,0.0
./corner_detector_dataset/images/josea_1664304454_7115602.jpg,-4811.0,-7587.0,-6931.0,-4825.0,-321.0,321.0,335.0,-335.0,0.0
./corner_detector_dataset/images/josea_1664304454_910222.jpg,-6042.0,-2174.0,-5228.0,-4384.0,698.0,-698.0,-2356.0,2356.0,0.0
./corner_detector_dataset/images/josea_1664304455_0871854.jpg,-3700.0,-3690.0,-2578.0,-2844.0,-984.0,984.0,128.0,-128.0,0.0
./corner_detector_dataset/images/josea_1664304455_2882118.jpg,-3739.0,-3713.0,-2527.0,-2635.0,-1145.0,1145.0,41.0,-41.0,0.0
./corner_detector_dataset/images/josea_1664304455_4693992.jpg,-3629.0,-3577.0,-2477.0,-2451.0,-1139.0,1139.0,-39.0,39.0,0.0
./corner_detector_dataset/images/josea_1664304455_6992745.jpg,-3390.0,-3142.0,-2372.0,-2076.0,-1042.0,1042.0,-272.0,272.0,0.0
./corner_detector_dataset/images/josea_1664304455_9065845.jpg,-2994.0,-2660.0,-1972.0,-1698.0,-992.0,992.0,-304.0,304.0,0.0
./corner_detector_dataset/images/josea_1664304456_11472.jpg,-2586.0,-2512.0,-1638.0,-1552.0,-954.0,954.0,-80.0,80.0,0.0
./corner_detector_dataset/images/josea_1664304456_311408.jpg,-1990.0,-3730.0,-1960.0,-2864.0,-448.0,448.0,1322.0,-1322.0,0.0
./corner_detector_dataset/images/josea_1664304456_520774.jpg,-2775.0,-9513.0,-4813.0,-9641.0,1083.0,-1083.0,5783.0,-5783.0,0.0
./corner_detector_dataset/images/josea_1664304456_7240872.jpg,-8192.0,-8918.0,-9844.0,-10918.0,1826.0,-1826.0,900.0,-900.0,0.0
./corner_detector_dataset/images/josea_1664304456_9123194.jpg,-8463.0,-9053.0,-10205.0,-10597.0,1643.0,-1643.0,491.0,-491.0,0.0
./corner_detector_dataset/images/josea_1664304457_0935407.jpg,-8432.0,-8916.0,-10090.0,-10522.0,1632.0,-1632.0,458.0,-458.0,0.0
./corner_detector_dataset/images/josea_1664304457_2683477.jpg,-8370.0,-8798.0,-9950.0,-10350.0,1566.0,-1566.0,414.0,-414.0,0.0
./corner_detector_dataset/images/josea_1664304457_461394.jpg,-8434.0,-8078.0,-9570.0,-9526.0,1292.0,-1292.0,-200.0,200.0,0.0
./corner_detector_dataset/images/josea_1664304457_6750345.jpg,-7832.0,-5504.0,-8626.0,-6514.0,902.0,-902.0,-2220.0,2220.0,0.0
./corner_detector_dataset/images/josea_1664304457_8370707.jpg,-5682.0,-3418.0,-4792.0,-4056.0,-126.0,126.0,-1500.0,1500.0,0.0
./corner_detector_dataset/images/josea_1664304458_008461.jpg,-4217.0,-5487.0,-3267.0,-4899.0,-769.0,769.0,1451.0,-1451.0,0.0
./corner_detector_dataset/images/josea_1664304458_1870704.jpg,-5671.0,-4859.0,-3987.0,-3617.0,-1463.0,1463.0,-591.0,591.0,0.0
./corner_detector_dataset/images/josea_1664304458_3741853.jpg,-4575.0,-4451.0,-3403.0,-2905.0,-1359.0,1359.0,-311.0,311.0,0.0
./corner_detector_dataset/images/josea_1664304458_5566454.jpg,-3905.0,-3321.0,-3027.0,-2245.0,-977.0,977.0,-683.0,683.0,0.0
./corner_detector_dataset/images/josea_1664304458_7648268.jpg,-2926.0,-2208.0,-2298.0,-1428.0,-704.0,704.0,-794.0,794.0,0.0
./corner_detector_dataset/images/josea_1664304459_5119324.jpg,-1912.0,-1372.0,-1506.0,-810.0,-484.0,484.0,-618.0,618.0,0.0
./corner_detector_dataset/images/josea_1664304459_7116418.jpg,-846.0,-2186.0,-1324.0,-1816.0,54.0,-54.0,916.0,-916.0,0.0
./corner_detector_dataset/images/josea_1664304463_0116673.jpg,-1912.0,-3914.0,-2712.0,-4542.0,714.0,-714.0,1916.0,-1916.0,0.0
./corner_detector_dataset/images/josea_1664304464_5750406.jpg,-4311.0,-2359.0,-3341.0,-2995.0,-167.0,167.0,-1149.0,1149.0,1.0
./corner_detector_dataset/images/josea_1664304469_506303.jpg,-3160.0,-3374.0,-1986.0,-2392.0,-1078.0,1078.0,310.0,-310.0,0.0
./corner_detector_dataset/images/josea_1664304470_5701294.jpg,-3314.0,-3684.0,-2318.0,-2600.0,-1040.0,1040.0,326.0,-326.0,0.0
./corner_detector_dataset/images/josea_1664304470_7856815.jpg,-3497.0,-3569.0,-2581.0,-2659.0,-913.0,913.0,75.0,-75.0,0.0
./corner_detector_dataset/images/josea_1664304470_9710045.jpg,-3493.0,-3271.0,-2485.0,-2405.0,-937.0,937.0,-151.0,151.0,0.0
./corner_detector_dataset/images/josea_1664304471_1746976.jpg,-3223.0,-2969.0,-2211.0,-2023.0,-979.0,979.0,-221.0,221.0,0.0
./corner_detector_dataset/images/josea_1664304471_3491323.jpg,-1965.0,-1523.0,-1727.0,-1651.0,-55.0,55.0,-259.0,259.0,0.0
./corner_detector_dataset/images/josea_1664304471_5433533.jpg,-1761.0,-1889.0,-1409.0,-1659.0,-291.0,291.0,189.0,-189.0,0.0
./corner_detector_dataset/images/josea_1664304471_972949.jpg,-2694.0,-2906.0,-856.0,-2576.0,-1084.0,1084.0,966.0,-966.0,0.0
./corner_detector_dataset/images/josea_1664304472_1934798.jpg,-4658.0,-5898.0,-988.0,-3904.0,-2832.0,2832.0,2078.0,-2078.0,0.0
./corner_detector_dataset/images/josea_1664304472_3984747.jpg,-5252.0,-3604.0,-4158.0,-402.0,-2148.0,2148.0,-2702.0,2702.0,0.0
./corner_detector_dataset/images/josea_1664304472_5816345.jpg,-2301.0,-2483.0,-1495.0,-1463.0,-913.0,913.0,75.0,-75.0,0.0
./corner_detector_dataset/images/josea_1664304472_7609642.jpg,-2002.0,-2526.0,-1960.0,-1916.0,-326.0,326.0,240.0,-240.0,0.0
./corner_detector_dataset/images/josea_1664304472_93703.jpg,-2217.0,-2151.0,-2099.0,-2099.0,-85.0,85.0,-33.0,33.0,0.0
./corner_detector_dataset/images/josea_1664304473_0955439.jpg,-1869.0,-2177.0,-2273.0,-2087.0,157.0,-157.0,61.0,-61.0,0.0
./corner_detector_dataset/images/josea_1664304473_2735548.jpg,-1803.0,-1591.0,-2345.0,-2035.0,493.0,-493.0,-261.0,261.0,0.0
./corner_detector_dataset/images/josea_1664304473_4602828.jpg,-1651.0,-1333.0,-1889.0,-1833.0,369.0,-369.0,-187.0,187.0,0.0
./corner_detector_dataset/images/josea_1664304473_6191914.jpg,-1462.0,-3148.0,-1660.0,-3350.0,200.0,-200.0,1688.0,-1688.0,0.0
./corner_detector_dataset/images/josea_1664304473_8116808.jpg,-3298.0,-10478.0,-4306.0,-10690.0,610.0,-610.0,6782.0,-6782.0,0.0
./corner_detector_dataset/images/josea_1664304473_999132.jpg,-9558.0,-10242.0,-10508.0,-11220.0,964.0,-964.0,698.0,-698.0,0.0
./corner_detector_dataset/images/josea_1664304474_1875508.jpg,-9649.0,-10207.0,-10541.0,-11093.0,889.0,-889.0,555.0,-555.0,0.0
./corner_detector_dataset/images/josea_1664304474_3757732.jpg,-9514.0,-10150.0,-10530.0,-10982.0,924.0,-924.0,544.0,-544.0,0.0
./corner_detector_dataset/images/josea_1664304474_5573497.jpg,-9394.0,-9962.0,-10534.0,-10922.0,1050.0,-1050.0,478.0,-478.0,0.0
./corner_detector_dataset/images/josea_1664304474_7489302.jpg,-9366.0,-8720.0,-10224.0,-9790.0,964.0,-964.0,-540.0,540.0,0.0
./corner_detector_dataset/images/josea_1664304474_9227855.jpg,-8760.0,-5510.0,-8398.0,-6208.0,168.0,-168.0,-2720.0,2720.0,0.0
./corner_detector_dataset/images/josea_1664304475_1075068.jpg,-4817.0,-3759.0,-5407.0,-3463.0,147.0,-147.0,-1501.0,1501.0,0.0
./corner_detector_dataset/images/josea_1664304475_2875473.jpg,-3618.0,-4270.0,-3626.0,-4654.0,196.0,-196.0,840.0,-840.0,0.0
./corner_detector_dataset/images/josea_1664304475_4688554.jpg,-3809.0,-3351.0,-4255.0,-3463.0,279.0,-279.0,-625.0,625.0,0.0
./corner_detector_dataset/images/josea_1664304475_6698596.jpg,-3104.0,-2862.0,-3378.0,-3284.0,348.0,-348.0,-168.0,168.0,0.0
./corner_detector_dataset/images/josea_1664304475_8712885.jpg,-2778.0,-2284.0,-3094.0,-2568.0,300.0,-300.0,-510.0,510.0,0.0
./corner_detector_dataset/images/josea_1664304476_0747118.jpg,-2126.0,-1534.0,-2490.0,-1830.0,330.0,-330.0,-626.0,626.0,0.0
./corner_detector_dataset/images/josea_1664304476_260492.jpg,-1440.0,-920.0,-1768.0,-1268.0,338.0,-338.0,-510.0,510.0,0.0
./corner_detector_dataset/images/josea_1664304476_4392416.jpg,-1740.0,-1354.0,-414.0,-1628.0,-526.0,526.0,414.0,-414.0,0.0
./corner_detector_dataset/images/josea_1664304476_6069586.jpg,-1567.0,-5403.0,-1943.0,-3877.0,-575.0,575.0,2885.0,-2885.0,0.0
./corner_detector_dataset/images/josea_1664304476_7739196.jpg,-3779.0,-2349.0,-5051.0,-3207.0,1065.0,-1065.0,-1637.0,1637.0,0.0
./corner_detector_dataset/images/josea_1664304477_655265.jpg,-2403.0,-1911.0,-2709.0,-2911.0,653.0,-653.0,-145.0,145.0,0.0
./corner_detector_dataset/images/josea_1664304477_8607807.jpg,-2219.0,-2633.0,-2539.0,-2919.0,303.0,-303.0,397.0,-397.0,0.0
./corner_detector_dataset/images/josea_1664304478_0490282.jpg,-2490.0,-2720.0,-2916.0,-3014.0,360.0,-360.0,164.0,-164.0,0.0
./corner_detector_dataset/images/josea_1664304478_2248113.jpg,-2414.0,-2462.0,-3124.0,-2896.0,572.0,-572.0,-90.0,90.0,0.0
./corner_detector_dataset/images/josea_1664304478_410839.jpg,-2159.0,-2081.0,-2999.0,-2763.0,761.0,-761.0,-157.0,157.0,0.0
./corner_detector_dataset/images/josea_1664304478_585609.jpg,-2095.0,-1277.0,-1407.0,-927.0,-519.0,519.0,-649.0,649.0,0.0
./corner_detector_dataset/images/josea_1664304478_7535226.jpg,-1372.0,-1646.0,-858.0,-984.0,-588.0,588.0,200.0,-200.0,0.0
./corner_detector_dataset/images/josea_1664304478_939133.jpg,-1450.0,-1930.0,-1278.0,-1482.0,-310.0,310.0,342.0,-342.0,0.0
./corner_detector_dataset/images/josea_1664304479_106438.jpg,-2627.0,-1669.0,-773.0,-1465.0,-1029.0,1029.0,-133.0,133.0,0.0
./corner_detector_dataset/images/josea_1664304479_298394.jpg,-1882.0,-1946.0,-1320.0,-128.0,-1190.0,1190.0,-564.0,564.0,0.0
./corner_detector_dataset/images/josea_1664304479_4773147.jpg,-991.0,-1715.0,-1055.0,-1221.0,-215.0,215.0,445.0,-445.0,0.0
./corner_detector_dataset/images/josea_1664304479_6616588.jpg,-1517.0,-2173.0,-1693.0,-2271.0,137.0,-137.0,617.0,-617.0,0.0
./corner_detector_dataset/images/josea_1664304479_8498406.jpg,-1897.0,-2191.0,-2453.0,-2393.0,379.0,-379.0,117.0,-117.0,0.0
./corner_detector_dataset/images/josea_1664304480_0497048.jpg,-1911.0,-2383.0,-2595.0,-2933.0,617.0,-617.0,405.0,-405.0,0.0
./corner_detector_dataset/images/josea_1664304480_2441118.jpg,-2155.0,-2235.0,-3039.0,-2861.0,755.0,-755.0,-49.0,49.0,0.0
./corner_detector_dataset/images/josea_1664304480_4313612.jpg,-1824.0,-1948.0,-3122.0,-2806.0,1078.0,-1078.0,-96.0,96.0,0.0
./corner_detector_dataset/images/josea_1664304480_8501186.jpg,-2058.0,-2828.0,-2528.0,-4054.0,848.0,-848.0,1148.0,-1148.0,0.0
./corner_detector_dataset/images/josea_1664304481_205479.jpg,-3980.0,-10200.0,-3792.0,-10516.0,64.0,-64.0,6472.0,-6472.0,0.0
./corner_detector_dataset/images/josea_1664304482_087188.jpg,-10050.0,-10410.0,-9604.0,-10196.0,-330.0,330.0,476.0,-476.0,0.0
./corner_detector_dataset/images/josea_1664304482_269386.jpg,-9920.0,-10412.0,-9492.0,-10020.0,-410.0,410.0,510.0,-510.0,0.0
./corner_detector_dataset/images/josea_1664304482_4240108.jpg,-9980.0,-10270.0,-9252.0,-9858.0,-570.0,570.0,448.0,-448.0,0.0
./corner_detector_dataset/images/josea_1664304482_6125717.jpg,-9859.0,-10371.0,-9121.0,-9675.0,-717.0,717.0,533.0,-533.0,0.0
./corner_detector_dataset/images/josea_1664304482_7821267.jpg,-9307.0,-9755.0,-9567.0,-9105.0,-195.0,195.0,-7.0,7.0,0.0
./corner_detector_dataset/images/josea_1664304482_9601138.jpg,-7349.0,-6713.0,-10247.0,-7129.0,1657.0,-1657.0,-1877.0,1877.0,0.0
./corner_detector_dataset/images/josea_1664304483_1447864.jpg,-4357.0,-4359.0,-8185.0,-7293.0,3381.0,-3381.0,-445.0,445.0,0.0
./corner_detector_dataset/images/josea_1664304483_3262434.jpg,-5383.0,-2707.0,-5793.0,-6251.0,1977.0,-1977.0,-1109.0,1109.0,0.0
./corner_detector_dataset/images/josea_1664304485_918818.jpg,-3879.0,-3513.0,-4039.0,-3611.0,129.0,-129.0,-397.0,397.0,0.0
./corner_detector_dataset/images/josea_1664304486_049316.jpg,-3290.0,-3122.0,-3526.0,-3310.0,212.0,-212.0,-192.0,192.0,0.0
./corner_detector_dataset/images/josea_1664304486_2083387.jpg,-2795.0,-2713.0,-3369.0,-2921.0,391.0,-391.0,-265.0,265.0,0.0
./corner_detector_dataset/images/josea_1664304486_4013534.jpg,-2419.0,-1853.0,-2963.0,-2419.0,555.0,-555.0,-555.0,555.0,0.0
./corner_detector_dataset/images/josea_1664304486_5494819.jpg,-1781.0,-1289.0,-2309.0,-1823.0,531.0,-531.0,-489.0,489.0,0.0
./corner_detector_dataset/images/josea_1664304486_747074.jpg,-1561.0,-495.0,-1373.0,-929.0,123.0,-123.0,-755.0,755.0,0.0
./corner_detector_dataset/images/josea_1664304486_9216228.jpg,-2537.0,-2743.0,955.0,-2481.0,-1877.0,1877.0,1821.0,-1821.0,0.0
./corner_detector_dataset/images/josea_1664304487_1245565.jpg,-2689.0,-5333.0,-2765.0,-1851.0,-1703.0,1703.0,865.0,-865.0,0.0
./corner_detector_dataset/images/josea_1664304487_3061047.jpg,-2439.0,-3251.0,-4497.0,-3835.0,1321.0,-1321.0,75.0,-75.0,0.0
./corner_detector_dataset/images/josea_1664304487_5202017.jpg,-3245.0,-2027.0,-3485.0,-3821.0,1017.0,-1017.0,-441.0,441.0,0.0
./corner_detector_dataset/images/josea_1664304487_7237186.jpg,-2882.0,-2810.0,-2674.0,-2926.0,-46.0,46.0,90.0,-90.0,0.0
./corner_detector_dataset/images/josea_1664304487_9063714.jpg,-2842.0,-2962.0,-2702.0,-2730.0,-186.0,186.0,74.0,-74.0,0.0
./corner_detector_dataset/images/josea_1664304488_2964177.jpg,-2828.0,-2684.0,-2674.0,-2582.0,-128.0,128.0,-118.0,118.0,0.0
./corner_detector_dataset/images/josea_1664304488_4613733.jpg,-1201.0,-1019.0,-997.0,-273.0,-475.0,475.0,-453.0,453.0,0.0
./corner_detector_dataset/images/josea_1664304488_6308596.jpg,-132.0,-1728.0,-1266.0,-1578.0,492.0,-492.0,954.0,-954.0,0.0
./corner_detector_dataset/images/josea_1664304489_0427878.jpg,-1476.0,-1252.0,-1992.0,-2372.0,818.0,-818.0,78.0,-78.0,0.0
./corner_detector_dataset/images/josea_1664304489_2230463.jpg,-1443.0,-765.0,-2053.0,-1205.0,525.0,-525.0,-763.0,763.0,0.0
./corner_detector_dataset/images/josea_1664304489_3981516.jpg,-711.0,-767.0,-1265.0,-1291.0,539.0,-539.0,41.0,-41.0,0.0
./corner_detector_dataset/images/josea_1664304489_5988324.jpg,-736.0,-1590.0,-1406.0,-2180.0,630.0,-630.0,814.0,-814.0,0.0
./corner_detector_dataset/images/josea_1664304489_77544.jpg,-1784.0,-2190.0,-2160.0,-2742.0,464.0,-464.0,494.0,-494.0,0.0
./corner_detector_dataset/images/josea_1664304489_9450476.jpg,-2256.0,-2552.0,-2576.0,-2900.0,334.0,-334.0,310.0,-310.0,0.0
./corner_detector_dataset/images/josea_1664304490_1259036.jpg,-2741.0,-2783.0,-2619.0,-3071.0,83.0,-83.0,247.0,-247.0,0.0
./corner_detector_dataset/images/josea_1664304490_2986574.jpg,-2766.0,-3168.0,-2942.0,-3068.0,38.0,-38.0,264.0,-264.0,0.0
./corner_detector_dataset/images/josea_1664304490_4680827.jpg,-2790.0,-3228.0,-3244.0,-3386.0,306.0,-306.0,290.0,-290.0,0.0
./corner_detector_dataset/images/josea_1664304490_6937842.jpg,-3048.0,-3494.0,-3374.0,-3992.0,412.0,-412.0,532.0,-532.0,0.0
./corner_detector_dataset/images/josea_1664304491_3443432.jpg,-5895.0,-7173.0,-1833.0,-7161.0,-2037.0,2037.0,3303.0,-3303.0,1.0
./corner_detector_dataset/images/josea_1664304492_512334.jpg,-8670.0,-9134.0,-4952.0,-5336.0,-3758.0,3758.0,424.0,-424.0,0.0
./corner_detector_dataset/images/josea_1664304493_147155.jpg,-8699.0,-8957.0,-5099.0,-5551.0,-3503.0,3503.0,355.0,-355.0,0.0
./corner_detector_dataset/images/josea_1664304493_3480043.jpg,-8553.0,-8715.0,-5121.0,-5345.0,-3401.0,3401.0,193.0,-193.0,0.0
./corner_detector_dataset/images/josea_1664304493_5175722.jpg,-7422.0,-9620.0,-5878.0,-6416.0,-2374.0,2374.0,1368.0,-1368.0,0.0
./corner_detector_dataset/images/josea_1664304493_7116833.jpg,-9318.0,-7644.0,-6054.0,-6372.0,-2268.0,2268.0,-678.0,678.0,0.0
./corner_detector_dataset/images/josea_1664304493_8883338.jpg,-8199.0,-7817.0,-5091.0,-4791.0,-3067.0,3067.0,-341.0,341.0,0.0
./corner_detector_dataset/images/josea_1664304494_080169.jpg,-7278.0,-7424.0,-4500.0,-4582.0,-2810.0,2810.0,114.0,-114.0,0.0
./corner_detector_dataset/images/josea_1664304494_7869933.jpg,-5914.0,-5514.0,-5554.0,-2930.0,-1472.0,1472.0,-1512.0,1512.0,1.0
./corner_detector_dataset/images/josea_1664304495_574002.jpg,-3606.0,-3692.0,-3934.0,-3636.0,136.0,-136.0,-106.0,106.0,0.0
./corner_detector_dataset/images/josea_1664304496_385829.jpg,-3277.0,-3365.0,-3789.0,-3667.0,407.0,-407.0,-17.0,17.0,0.0
./corner_detector_dataset/images/josea_1664304496_5614574.jpg,-3053.0,-3133.0,-3655.0,-3601.0,535.0,-535.0,13.0,-13.0,0.0
./corner_detector_dataset/images/josea_1664304496_7351136.jpg,-2749.0,-2625.0,-3695.0,-3181.0,751.0,-751.0,-319.0,319.0,0.0
./corner_detector_dataset/images/josea_1664304496_920858.jpg,-2336.0,-1876.0,-3196.0,-2752.0,868.0,-868.0,-452.0,452.0,0.0
./corner_detector_dataset/images/josea_1664304497_1052442.jpg,-1872.0,-570.0,-2484.0,-1414.0,728.0,-728.0,-1186.0,1186.0,0.0
./corner_detector_dataset/images/josea_1664304497_2801723.jpg,-1041.0,-419.0,-811.0,-855.0,103.0,-103.0,-289.0,289.0,0.0
./corner_detector_dataset/images/josea_1664304497_4636807.jpg,-1974.0,-1884.0,556.0,-1622.0,-1396.0,1396.0,1044.0,-1044.0,0.0
./corner_detector_dataset/images/josea_1664304497_643723.jpg,-3502.0,-4276.0,-268.0,-1634.0,-2938.0,2938.0,1070.0,-1070.0,0.0
./corner_detector_dataset/images/josea_1664304497_848486.jpg,-2796.0,-4636.0,-3016.0,-1828.0,-1294.0,1294.0,326.0,-326.0,0.0
./corner_detector_dataset/images/josea_1664304498_033602.jpg,-2456.0,-3070.0,-3788.0,-3526.0,894.0,-894.0,176.0,-176.0,0.0
./corner_detector_dataset/images/josea_1664304498_1939962.jpg,-2876.0,-2352.0,-3420.0,-3580.0,886.0,-886.0,-182.0,182.0,0.0
./corner_detector_dataset/images/josea_1664304498_3994184.jpg,-2725.0,-2335.0,-2961.0,-2785.0,343.0,-343.0,-283.0,283.0,0.0
